Date,EUR/USD,USD/JPY,EUR/JPY
2026-02-25 18:00:00,1.18047,156.39533,184.6227
2026-02-25 19:00:00,1.18073,156.43993,184.71604
2026-02-25 20:00:00,1.18057,156.4419,184.69208
2026-02-25 21:00:00,1.18106,156.37441,184.68699
2026-02-25 22:00:00,1.18117,156.32308,184.64289
2026-02-25 23:00:00,1.18154,156.18976,184.54151
2026-02-26 00:00:00,1.1818,156.01693,184.37551
2026-02-26 01:00:00,1.18274,155.83516,184.30738
2026-02-26 02:00:00,1.18176,155.9301,184.2664
2026-02-26 03:00:00,1.1818,155.93646,184.28004
2026-02-26 04:00:00,1.18184,155.90931,184.25437
2026-02-26 05:00:00,1.18196,155.93321,184.3021
2026-02-26 06:00:00,1.18193,155.99772,184.37506
2026-02-26 07:00:00,1.1817,156.07326,184.42883
2026-02-26 08:00:00,1.18051,155.96127,184.11286
2026-02-26 09:00:00,1.17986,156.06857,184.13928
2026-02-26 10:00:00,1.17984,155.96618,184.0166
2026-02-26 11:00:00,1.18011,156.07048,184.18233
2026-02-26 12:00:00,1.18094,156.07836,184.32089
2026-02-26 13:00:00,1.18077,156.16707,184.40009
2026-02-26 14:00:00,1.18116,155.93616,184.18872
2026-02-26 15:00:00,1.17983,156.02894,184.09069
2026-02-26 16:00:00,1.17919,156.14776,184.13068
2026-02-26 17:00:00,1.17756,156.39801,184.17042
2026-02-26 18:00:00,1.17841,156.39462,184.29904
2026-02-26 19:00:00,1.17976,156.14242,184.20983
2026-02-26 20:00:00,1.18023,156.11019,184.24542
2026-02-26 21:00:00,1.17979,156.13882,184.20797
2026-02-26 22:00:00,1.1798,156.10936,184.1741
2026-02-26 23:00:00,1.18028,155.87528,183.97221
2026-02-27 00:00:00,1.17972,155.85845,183.8638
2026-02-27 01:00:00,1.17902,155.98714,183.90614
2026-02-27 02:00:00,1.18007,155.76182,183.80527
2026-02-27 03:00:00,1.18042,155.76966,183.87018
2026-02-27 04:00:00,1.1811,155.59781,183.77358
2026-02-27 05:00:00,1.18091,155.81791,184.00318
2026-02-27 06:00:00,1.18054,155.87447,184.01414
2026-02-27 07:00:00,1.18163,156.10285,184.45253
2026-02-27 08:00:00,1.18093,156.16505,184.41843
2026-02-27 09:00:00,1.17954,156.0882,184.11229
2026-02-27 10:00:00,1.17996,155.9957,184.06995
2026-02-27 11:00:00,1.18009,155.92012,184.00122
2026-02-27 12:00:00,1.18026,155.90078,184.00617
2026-02-27 13:00:00,1.17938,156.16524,184.18035
2026-02-27 14:00:00,1.17974,156.19402,184.27206
2026-02-27 15:00:00,1.18077,156.11604,184.33974
2026-02-27 16:00:00,1.18215,156.05574,184.48411
2026-02-27 17:00:00,1.18175,156.04189,184.40402
2026-02-27 18:00:00,1.18182,156.01641,184.38471
2026-02-27 19:00:00,1.18192,156.01661,184.39919
2026-02-27 20:00:00,1.18161,156.1709,184.53307
2026-02-27 21:00:00,1.18166,156.08,184.43139
2026-02-27 22:00:00,1.18166,156.02913,184.36897
2026-02-27 23:00:00,1.18161,156.03168,184.36428
2026-02-28 00:00:00,1.1809,156.05867,184.28439
2026-02-28 01:00:00,1.18059,156.05662,184.23323
2026-02-28 02:00:00,1.18071,156.05695,184.25217
2026-02-28 03:00:00,1.18059,156.05504,184.23204
2026-02-28 04:00:00,1.18059,156.05497,184.23169
2026-02-28 05:00:00,1.18063,156.05429,184.23818
2026-02-28 06:00:00,1.1806,156.0536,184.23376
2026-02-28 07:00:00,1.18075,156.0545,184.25883
2026-02-28 08:00:00,1.18061,156.05205,184.23579
2026-02-28 09:00:00,1.1806,156.09365,184.2839
2026-02-28 10:00:00,1.18064,156.09357,184.2921
2026-02-28 11:00:00,1.1806,156.0928,184.28554
2026-02-28 12:00:00,1.18101,156.08236,184.33819
2026-02-28 13:00:00,1.18133,156.06166,184.36327
2026-02-28 14:00:00,1.18116,156.07407,184.35105
2026-02-28 15:00:00,1.18123,156.05481,184.33956
2026-02-28 16:00:00,1.18147,156.05321,184.37385
2026-02-28 17:00:00,1.1816,156.04989,184.39056
2026-02-28 18:00:00,1.18157,156.05371,184.38941
2026-02-28 19:00:00,1.18163,156.0458,184.38843
2026-02-28 20:00:00,1.18163,156.05881,184.40215
2026-02-28 21:00:00,1.18163,156.05239,184.39267
2026-02-28 22:00:00,1.18163,156.04561,184.38422
2026-02-28 23:00:00,1.18165,156.04802,184.38985
2026-03-01 00:00:00,1.18164,156.06271,184.40403
2026-03-01 01:00:00,1.18167,156.05548,184.40074
2026-03-01 02:00:00,1.18166,156.05498,184.39729
2026-03-01 03:00:00,1.1817,156.05139,184.40006
2026-03-01 04:00:00,1.18159,156.04458,184.37541
2026-03-01 05:00:00,1.18166,156.04488,184.38743
2026-03-01 06:00:00,1.18169,156.04781,184.39739
2026-03-01 07:00:00,1.18167,156.0492,184.39695
2026-03-01 08:00:00,1.18171,156.04728,184.40199
2026-03-01 09:00:00,1.18174,156.0456,184.40628
2026-03-01 10:00:00,1.18174,156.0453,184.40669
2026-03-01 11:00:00,1.18147,155.76615,184.03449
2026-03-01 12:00:00,1.18146,155.76633,184.03426
2026-03-01 13:00:00,1.18124,155.58839,183.78828
2026-03-01 14:00:00,1.18123,155.58891,183.78763
2026-03-01 15:00:00,1.18105,155.81471,184.02687
2026-03-01 16:00:00,1.18091,155.88228,184.08374
2026-03-01 17:00:00,1.18146,155.50132,183.71685
2026-03-01 18:00:00,1.17669,156.04246,183.61156
2026-03-01 19:00:00,1.17839,156.13278,183.98412
2026-03-01 20:00:00,1.17744,156.09842,183.793
2026-03-01 21:00:00,1.17785,155.99282,183.73237
2026-03-01 22:00:00,1.1777,156.13878,183.87978
2026-03-01 23:00:00,1.17597,156.63345,184.19179
2026-03-02 00:00:00,1.1775,156.43572,184.19708
2026-03-02 01:00:00,1.17912,156.26619,184.25078
2026-03-02 02:00:00,1.17893,156.29243,184.25234
2026-03-02 03:00:00,1.17895,156.34054,184.31216
2026-03-02 04:00:00,1.17861,156.5409,184.49447
2026-03-02 05:00:00,1.17683,156.81323,184.53641
2026-03-02 06:00:00,1.17329,156.87969,184.06182
2026-03-02 07:00:00,1.17163,156.96953,183.90755
2026-03-02 08:00:00,1.17231,156.98529,184.0327
2026-03-02 09:00:00,1.17341,157.00446,184.22931
2026-03-02 10:00:00,1.17384,156.92561,184.20582
2026-03-02 11:00:00,1.17337,156.95918,184.17303
2026-03-02 12:00:00,1.17049,157.38573,184.21997
2026-03-02 13:00:00,1.1698,157.53754,184.28923
2026-03-02 14:00:00,1.17174,157.50743,184.56109
2026-03-02 15:00:00,1.16809,157.73894,184.25693
2026-03-02 16:00:00,1.16905,157.46605,184.08881
2026-03-02 17:00:00,1.1707,157.37065,184.23687
2026-03-02 18:00:00,1.16947,157.37797,184.05177
2026-03-02 19:00:00,1.1712,157.14934,184.05396
2026-03-02 20:00:00,1.16909,157.33019,183.93261
2026-03-02 21:00:00,1.16898,157.35763,183.94759
2026-03-02 22:00:00,1.16879,157.39962,183.96582
2026-03-02 23:00:00,1.16958,157.25793,183.9226
2026-03-03 00:00:00,1.16954,157.47089,184.16511
2026-03-03 01:00:00,1.16979,157.31594,184.02079
2026-03-03 02:00:00,1.16944,157.27474,183.91763
2026-03-03 03:00:00,1.16913,157.26741,183.8601
2026-03-03 04:00:00,1.16808,157.41465,183.86716
2026-03-03 05:00:00,1.16677,157.40076,183.64545
2026-03-03 06:00:00,1.16702,157.23848,183.49726
2026-03-03 07:00:00,1.16447,157.37733,183.25823
2026-03-03 08:00:00,1.16229,157.56386,183.13192
2026-03-03 09:00:00,1.16058,157.68329,183.00088
2026-03-03 10:00:00,1.15925,157.83736,182.96912
2026-03-03 11:00:00,1.15969,157.71064,182.89275
2026-03-03 12:00:00,1.16141,157.63343,183.07553
2026-03-03 13:00:00,1.15923,157.81051,182.93693
2026-03-03 14:00:00,1.15675,157.84763,182.58869
2026-03-03 15:00:00,1.1575,157.78346,182.63422
2026-03-03 16:00:00,1.16045,157.69497,182.99764
2026-03-03 17:00:00,1.15915,157.82974,182.94874
2026-03-03 18:00:00,1.16163,157.64907,183.13049
2026-03-03 19:00:00,1.16142,157.65061,183.09956
2026-03-03 20:00:00,1.16178,157.65982,183.16686
2026-03-03 21:00:00,1.16123,157.7057,183.1322
2026-03-03 22:00:00,1.16125,157.57564,182.98527
2026-03-03 23:00:00,1.16117,157.78314,183.21241
2026-03-04 00:00:00,1.15935,157.58918,182.70109
2026-03-04 01:00:00,1.15945,157.59915,182.72737
2026-03-04 02:00:00,1.15997,157.59697,182.805
2026-03-04 03:00:00,1.1609,157.40549,182.72852
2026-03-04 04:00:00,1.15944,157.38038,182.46991
2026-03-04 05:00:00,1.1595,157.58692,182.71862
2026-03-04 06:00:00,1.16117,157.43454,182.80502
2026-03-04 07:00:00,1.16173,157.475,182.94036
2026-03-04 08:00:00,1.16,157.42545,182.60919
2026-03-04 09:00:00,1.16085,157.23436,182.52154
2026-03-04 10:00:00,1.16334,157.31889,183.01341
2026-03-04 11:00:00,1.16352,157.22783,182.93591
2026-03-04 12:00:00,1.16289,157.32927,182.9557
2026-03-04 13:00:00,1.1632,157.29478,182.96594
2026-03-04 14:00:00,1.16248,157.2619,182.81431
2026-03-04 15:00:00,1.16388,157.13292,182.88495
2026-03-04 16:00:00,1.16369,156.93209,182.62016
2026-03-04 17:00:00,1.16322,156.99817,182.62417
2026-03-04 18:00:00,1.16244,157.16128,182.69064
2026-03-04 19:00:00,1.16402,156.98788,182.73724
2026-03-04 20:00:00,1.16415,157.0604,182.84152
2026-03-04 21:00:00,1.16353,157.05658,182.73979
2026-03-04 22:00:00,1.16347,157.02031,182.68694
2026-03-04 23:00:00,1.1635,156.99393,182.66162
2026-03-05 00:00:00,1.16452,156.59353,182.35416
2026-03-05 01:00:00,1.16287,156.75088,182.27863
2026-03-05 02:00:00,1.16257,156.96129,182.47673
2026-03-05 03:00:00,1.16124,157.03736,182.35536
2026-03-05 04:00:00,1.16085,157.12672,182.39719
2026-03-05 05:00:00,1.15952,157.20577,182.28007
2026-03-05 06:00:00,1.16056,157.06516,182.27934
2026-03-05 07:00:00,1.16061,157.25145,182.50453
2026-03-05 08:00:00,1.16,157.29881,182.46213
2026-03-05 09:00:00,1.16215,157.15308,182.63216
2026-03-05 10:00:00,1.16124,157.29305,182.6532
2026-03-05 11:00:00,1.16112,157.35408,182.7047
2026-03-05 12:00:00,1.16218,157.43002,182.96195
2026-03-05 13:00:00,1.15976,157.7681,182.97196
2026-03-05 14:00:00,1.16028,157.55464,182.80799
2026-03-05 15:00:00,1.15834,157.58898,182.54158
2026-03-05 16:00:00,1.15821,157.60281,182.53812
2026-03-05 17:00:00,1.1588,157.69234,182.73578
2026-03-05 18:00:00,1.15862,157.74115,182.76336
2026-03-05 19:00:00,1.1572,157.82476,182.63684
2026-03-05 20:00:00,1.16039,157.57097,182.84536
2026-03-05 21:00:00,1.16089,157.56104,182.91197
2026-03-05 22:00:00,1.1608,157.52998,182.86009
2026-03-05 23:00:00,1.16075,157.56158,182.88858
2026-03-06 00:00:00,1.16111,157.45445,182.82046
2026-03-06 01:00:00,1.16162,157.47082,182.9187
2026-03-06 02:00:00,1.16165,157.50764,182.96567
2026-03-06 03:00:00,1.16199,157.50115,183.01069
2026-03-06 04:00:00,1.16141,157.67019,183.11642
2026-03-06 05:00:00,1.16068,157.85654,183.2175
2026-03-06 06:00:00,1.16114,157.76006,183.17758
2026-03-06 07:00:00,1.16145,157.54979,182.9832
2026-03-06 08:00:00,1.16036,157.65883,182.93824
2026-03-06 09:00:00,1.1576,157.85476,182.72781
2026-03-06 10:00:00,1.15803,157.86948,182.81354
2026-03-06 11:00:00,1.15631,157.96116,182.64846
2026-03-06 12:00:00,1.15561,158.00986,182.59485
2026-03-06 13:00:00,1.15572,157.86515,182.44662
2026-03-06 14:00:00,1.15711,157.68766,182.46194
2026-03-06 15:00:00,1.15777,157.57955,182.44115
2026-03-06 16:00:00,1.1606,157.60918,182.92221
2026-03-06 17:00:00,1.15972,157.78812,182.9912
2026-03-06 18:00:00,1.16006,157.80542,183.06481
2026-03-06 19:00:00,1.16032,157.85333,183.16153
2026-03-06 20:00:00,1.16065,157.90236,183.27018
2026-03-06 21:00:00,1.16175,157.79781,183.32174
2026-03-06 22:00:00,1.16225,157.76189,183.35778
2026-03-06 23:00:00,1.16224,157.75769,183.35045
2026-03-07 00:00:00,1.16173,157.75388,183.26509
2026-03-07 01:00:00,1.16172,157.75377,183.26356
2026-03-07 02:00:00,1.16176,157.75767,183.27351
2026-03-07 03:00:00,1.16173,157.75438,183.26496
2026-03-07 04:00:00,1.16173,157.75504,183.26541
2026-03-07 05:00:00,1.16175,157.75518,183.26745
2026-03-07 06:00:00,1.16174,157.7542,183.26543
2026-03-07 07:00:00,1.16178,157.76067,183.27975
2026-03-07 08:00:00,1.16174,157.75401,183.26592
2026-03-07 09:00:00,1.16173,157.75343,183.26498
2026-03-07 10:00:00,1.16174,157.75339,183.26699
2026-03-07 11:00:00,1.16172,157.75144,183.26248
2026-03-07 12:00:00,1.16184,157.76362,183.29584
2026-03-07 13:00:00,1.16184,157.77591,183.31013
2026-03-07 14:00:00,1.16191,157.77863,183.32535
2026-03-07 15:00:00,1.1619,157.78134,183.32687
2026-03-07 16:00:00,1.16182,157.78292,183.31707
2026-03-07 17:00:00,1.16193,157.75233,183.29801
2026-03-07 18:00:00,1.16186,157.76497,183.30148
2026-03-07 19:00:00,1.1619,157.75664,183.29865
2026-03-07 20:00:00,1.1619,157.75784,183.29826
2026-03-07 21:00:00,1.16183,157.76973,183.30056
2026-03-07 22:00:00,1.16189,157.73916,183.27489
2026-03-07 23:00:00,1.16188,157.75804,183.29327
2026-03-08 00:00:00,1.16196,157.78839,183.34109
2026-03-08 01:00:00,1.16193,157.78829,183.33551
2026-03-08 02:00:00,1.16185,157.78857,183.3235
2026-03-08 03:00:00,1.16194,157.78949,183.3372
2026-03-08 04:00:00,1.1619,157.78901,183.33119
2026-03-08 05:00:00,1.16196,157.78875,183.34088
2026-03-08 06:00:00,1.16194,157.78841,183.33637
2026-03-08 07:00:00,1.16186,157.78806,183.32402
2026-03-08 08:00:00,1.16193,157.7882,183.3366
2026-03-08 09:00:00,1.16206,157.76798,183.33441
2026-03-08 10:00:00,1.16206,157.76736,183.33378
2026-03-08 11:00:00,1.16172,157.76161,183.27426
2026-03-08 12:00:00,1.16172,157.76701,183.28047
2026-03-08 13:00:00,1.16147,157.76417,183.23832
2026-03-08 14:00:00,1.16179,157.74782,183.27028
2026-03-08 15:00:00,1.1618,157.77592,183.30576
2026-03-08 16:00:00,1.16152,157.76866,183.25281
2026-03-08 17:00:00,1.16187,157.76621,183.30544
2026-03-08 18:00:00,1.15787,157.9784,182.91949
2026-03-08 19:00:00,1.15694,157.95017,182.74187
2026-03-08 20:00:00,1.15512,158.05609,182.57562
2026-03-08 21:00:00,1.15477,158.09393,182.56388
2026-03-08 22:00:00,1.15362,158.29803,182.6182
2026-03-08 23:00:00,1.15241,158.4214,182.56723
2026-03-09 00:00:00,1.15184,158.66372,182.75565
2026-03-09 01:00:00,1.15102,158.69566,182.6622
2026-03-09 02:00:00,1.15261,158.68862,182.90425
2026-03-09 03:00:00,1.15167,158.86584,182.95877
2026-03-09 04:00:00,1.15266,158.73087,182.96034
2026-03-09 05:00:00,1.15673,158.39464,183.21527
2026-03-09 06:00:00,1.15502,158.60126,183.18299
2026-03-09 07:00:00,1.1562,158.47835,183.22901
2026-03-09 08:00:00,1.15333,158.65545,182.97668
2026-03-09 09:00:00,1.15571,158.4203,183.08388
2026-03-09 10:00:00,1.15608,158.48252,183.21524
2026-03-09 11:00:00,1.1559,158.49601,183.20307
2026-03-09 12:00:00,1.15522,158.58732,183.20167
2026-03-09 13:00:00,1.15739,158.42688,183.36127
2026-03-09 14:00:00,1.15745,158.37478,183.31023
2026-03-09 15:00:00,1.15922,158.01505,183.17469
2026-03-09 16:00:00,1.15883,158.12928,183.24623
2026-03-09 17:00:00,1.15792,158.33992,183.34612
2026-03-09 18:00:00,1.15776,158.39771,183.38865
2026-03-09 19:00:00,1.16109,157.82202,183.24626
2026-03-09 20:00:00,1.16365,157.66208,183.46272
2026-03-09 21:00:00,1.16373,157.68068,183.49666
2026-03-09 22:00:00,1.16293,157.81972,183.53081
2026-03-09 23:00:00,1.16165,157.87635,183.39437
2026-03-10 00:00:00,1.16268,157.58429,183.21761
2026-03-10 01:00:00,1.16206,157.64211,183.18562
2026-03-10 02:00:00,1.16136,157.82135,183.28415
2026-03-10 03:00:00,1.16102,157.89285,183.31312
2026-03-10 04:00:00,1.16124,157.78476,183.22183
2026-03-10 05:00:00,1.16196,157.66111,183.19206
2026-03-10 06:00:00,1.16331,157.55028,183.27726
2026-03-10 07:00:00,1.16593,157.33275,183.4368
2026-03-10 08:00:00,1.16448,157.70529,183.64314
2026-03-10 09:00:00,1.16529,157.64443,183.70153
2026-03-10 10:00:00,1.16387,157.78964,183.64574
2026-03-10 11:00:00,1.16395,157.80707,183.68043
2026-03-10 12:00:00,1.16361,157.78894,183.60575
2026-03-10 13:00:00,1.1632,157.82664,183.58583
2026-03-10 14:00:00,1.16497,157.68487,183.69939
2026-03-10 15:00:00,1.16475,157.62424,183.59429
2026-03-10 16:00:00,1.16526,157.56807,183.6084
2026-03-10 17:00:00,1.16456,157.6123,183.54926
2026-03-10 18:00:00,1.1626,157.86169,183.52992
2026-03-10 19:00:00,1.16146,158.03915,183.5567
2026-03-10 20:00:00,1.1609,158.0602,183.49232
2026-03-10 21:00:00,1.16111,158.09294,183.56289
2026-03-10 22:00:00,1.16053,158.17192,183.56186
2026-03-10 23:00:00,1.16114,158.12673,183.60535
2026-03-11 00:00:00,1.16192,158.21525,183.83037
2026-03-11 01:00:00,1.16265,158.29142,184.03339
2026-03-11 02:00:00,1.16263,158.28861,184.02686
2026-03-11 03:00:00,1.16311,158.20638,184.00617
2026-03-11 04:00:00,1.16341,158.10888,183.94044
2026-03-11 05:00:00,1.1633,158.18225,184.00933
2026-03-11 06:00:00,1.16337,158.01457,183.82602
2026-03-11 07:00:00,1.16167,158.24609,183.82636
2026-03-11 08:00:00,1.16121,158.40472,183.93807
2026-03-11 09:00:00,1.15932,158.47634,183.72309
2026-03-11 10:00:00,1.16079,158.29213,183.74206
2026-03-11 11:00:00,1.1597,158.50023,183.81153
2026-03-11 12:00:00,1.15811,158.60066,183.67598
2026-03-11 13:00:00,1.15863,158.59515,183.75392
2026-03-11 14:00:00,1.15874,158.6536,183.8394
2026-03-11 15:00:00,1.1571,158.80584,183.75457
2026-03-11 16:00:00,1.15707,158.84961,183.80185
2026-03-11 17:00:00,1.15711,158.86939,183.83062
2026-03-11 18:00:00,1.15709,158.9293,183.89617
2026-03-11 19:00:00,1.15735,158.95257,183.96426
2026-03-11 20:00:00,1.15672,158.95776,183.87056
2026-03-11 21:00:00,1.15733,158.84417,183.83559
2026-03-11 22:00:00,1.15511,158.99211,183.65355
2026-03-11 23:00:00,1.15429,159.09098,183.63644
2026-03-12 00:00:00,1.1548,158.9656,183.57173
2026-03-12 01:00:00,1.15503,158.87999,183.50953
2026-03-12 02:00:00,1.15394,159.06446,183.54915
2026-03-12 03:00:00,1.15384,159.0381,183.5013
2026-03-12 04:00:00,1.15335,159.13814,183.53951
2026-03-12 05:00:00,1.15403,159.12225,183.62897
2026-03-12 06:00:00,1.15483,158.9046,183.50339
2026-03-12 07:00:00,1.15497,158.80972,183.41576
2026-03-12 08:00:00,1.15478,158.89487,183.4843
2026-03-12 09:00:00,1.156,158.74846,183.50937
2026-03-12 10:00:00,1.15579,158.72813,183.45302
2026-03-12 11:00:00,1.15567,158.69702,183.39982
2026-03-12 12:00:00,1.15389,158.89779,183.34843
2026-03-12 13:00:00,1.15256,159.03152,183.29111
2026-03-12 14:00:00,1.15238,159.17667,183.43038
2026-03-12 15:00:00,1.15207,159.14798,183.34966
2026-03-12 16:00:00,1.15218,159.22232,183.45332
2026-03-12 17:00:00,1.15214,159.31794,183.55678
2026-03-12 18:00:00,1.15129,159.40255,183.51962
2026-03-12 19:00:00,1.15159,159.37604,183.53626
2026-03-12 20:00:00,1.15109,159.35529,183.43361
2026-03-12 21:00:00,1.15128,159.38468,183.49691
2026-03-12 22:00:00,1.1519,159.28524,183.48138
2026-03-12 23:00:00,1.15221,159.22057,183.45529
2026-03-13 00:00:00,1.15242,159.11149,183.36293
2026-03-13 01:00:00,1.15157,159.27453,183.41489
2026-03-13 02:00:00,1.15151,159.29943,183.43405
2026-03-13 03:00:00,1.15095,159.36568,183.41983
2026-03-13 04:00:00,1.15037,159.48872,183.46952
2026-03-13 05:00:00,1.15012,159.44241,183.37494
2026-03-13 06:00:00,1.14847,159.42203,183.08735
2026-03-13 07:00:00,1.14577,159.4582,182.69788
2026-03-13 08:00:00,1.14457,159.35977,182.39201
2026-03-13 09:00:00,1.14538,159.4955,182.67636
2026-03-13 10:00:00,1.14591,159.41702,182.67123
2026-03-13 11:00:00,1.14682,159.31363,182.69939
2026-03-13 12:00:00,1.14782,159.32956,182.87855
2026-03-13 13:00:00,1.14801,159.10141,182.64801
2026-03-13 14:00:00,1.14571,159.36917,182.58866
2026-03-13 15:00:00,1.1444,159.56393,182.60348
2026-03-13 16:00:00,1.14414,159.6171,182.62458
2026-03-13 17:00:00,1.14423,159.57774,182.59405
2026-03-13 18:00:00,1.1436,159.64038,182.56716
2026-03-13 19:00:00,1.14224,159.6762,182.3918
2026-03-13 20:00:00,1.14167,159.73321,182.36573
2026-03-13 21:00:00,1.14531,159.84521,183.07468
2026-03-13 22:00:00,1.14661,159.73356,183.15332
2026-03-13 23:00:00,1.14661,159.73522,183.15634
2026-03-14 00:00:00,1.14676,159.72987,183.17346
2026-03-14 01:00:00,1.14673,159.72988,183.16806
2026-03-14 02:00:00,1.14687,159.73189,183.19119
2026-03-14 03:00:00,1.14688,159.73115,183.19139
2026-03-14 04:00:00,1.1468,159.73155,183.17758
2026-03-14 05:00:00,1.14281,159.6584,182.4549
2026-03-14 06:00:00,1.1417,159.71694,182.34336
2026-03-14 07:00:00,1.1423,159.71747,182.43936
2026-03-14 08:00:00,1.14171,159.71672,182.34284
2026-03-14 09:00:00,1.14164,159.71773,182.33306
2026-03-14 10:00:00,1.14185,159.71814,182.36716
2026-03-14 11:00:00,1.14169,159.71613,182.34024
2026-03-14 12:00:00,1.14337,159.73051,182.62702
2026-03-14 13:00:00,1.14454,159.70237,182.78199
2026-03-14 14:00:00,1.14463,159.72575,182.82369
2026-03-14 15:00:00,1.14617,159.69375,183.03412
2026-03-14 16:00:00,1.14668,159.65279,183.06935
2026-03-14 17:00:00,1.14429,159.69135,182.73436
2026-03-14 18:00:00,1.14478,159.67933,182.79939
2026-03-14 19:00:00,1.1455,159.67808,182.91386
2026-03-14 20:00:00,1.14646,159.66421,183.05125
2026-03-14 21:00:00,1.14681,159.62548,183.06183
2026-03-14 22:00:00,1.14681,159.66626,183.1084
2026-03-14 23:00:00,1.14692,159.68722,183.1506
2026-03-15 00:00:00,1.14536,159.71248,182.93015
2026-03-15 01:00:00,1.14643,159.68885,183.07266
2026-03-15 02:00:00,1.1468,159.66715,183.10644
2026-03-15 03:00:00,1.14681,159.70297,183.14745
2026-03-15 04:00:00,1.14609,159.69713,183.02486
2026-03-15 05:00:00,1.14635,159.71555,183.08673
2026-03-15 06:00:00,1.14675,159.69183,183.12325
2026-03-15 07:00:00,1.14693,159.65406,183.10765
2026-03-15 08:00:00,1.14688,159.69725,183.14934
2026-03-15 09:00:00,1.14694,159.67476,183.13297
2026-03-15 10:00:00,1.14694,159.67467,183.13226
2026-03-15 11:00:00,1.14445,159.65295,182.71056
2026-03-15 12:00:00,1.14445,159.65254,182.7103
2026-03-15 13:00:00,1.14247,159.64857,182.39109
2026-03-15 14:00:00,1.14225,159.89653,182.6388
2026-03-15 15:00:00,1.14123,159.71875,182.2761
2026-03-15 16:00:00,1.14061,159.68151,182.13534
2026-03-15 17:00:00,1.14163,159.7156,182.33816
2026-03-15 18:00:00,1.14261,159.6179,182.38459
2026-03-15 19:00:00,1.14237,159.66239,182.39671
2026-03-15 20:00:00,1.1424,159.62096,182.3556
2026-03-15 21:00:00,1.14285,159.6086,182.4118
2026-03-15 22:00:00,1.14297,159.53083,182.34284
2026-03-15 23:00:00,1.14352,159.57635,182.48054
2026-03-16 00:00:00,1.14555,159.30633,182.49309
2026-03-16 01:00:00,1.14493,159.43495,182.54176
2026-03-16 02:00:00,1.14493,159.58532,182.71243
2026-03-16 03:00:00,1.14513,159.50382,182.65058
2026-03-16 04:00:00,1.14425,159.56977,182.58372
2026-03-16 05:00:00,1.14346,159.37484,182.23229
2026-03-16 06:00:00,1.14314,159.30578,182.10164
2026-03-16 07:00:00,1.1425,159.32682,182.02403
2026-03-16 08:00:00,1.1444,159.36631,182.37174
2026-03-16 09:00:00,1.14501,159.32116,182.41879
2026-03-16 10:00:00,1.14756,159.23446,182.72618
2026-03-16 11:00:00,1.14793,159.13107,182.66759
2026-03-16 12:00:00,1.14731,159.13126,182.56967
2026-03-16 13:00:00,1.15006,158.92616,182.77347
2026-03-16 14:00:00,1.14888,159.13511,182.8275
2026-03-16 15:00:00,1.14855,159.30504,182.96977
2026-03-16 16:00:00,1.14942,159.26039,183.05871
2026-03-16 17:00:00,1.14932,159.26734,183.05074
2026-03-16 18:00:00,1.15178,158.974,183.10524
2026-03-16 19:00:00,1.15071,159.15555,183.14405
2026-03-16 20:00:00,1.15059,159.05254,183.00664
2026-03-16 21:00:00,1.15079,159.04731,183.03213
2026-03-16 22:00:00,1.14992,159.12482,182.9819
2026-03-16 23:00:00,1.14992,159.12851,182.98552
2026-03-17 00:00:00,1.14932,159.307,183.09447
2026-03-17 01:00:00,1.1493,159.38137,183.17615
2026-03-17 02:00:00,1.1496,159.36503,183.20423
2026-03-17 03:00:00,1.14927,159.35749,183.14262
2026-03-17 04:00:00,1.14976,159.23993,183.08463
2026-03-17 05:00:00,1.14803,159.44246,183.04025
2026-03-17 06:00:00,1.14815,159.36297,182.96836
2026-03-17 07:00:00,1.14943,159.27445,183.06922
2026-03-17 08:00:00,1.15082,159.12132,183.11601
2026-03-17 09:00:00,1.15151,159.14429,183.25193
2026-03-17 10:00:00,1.1507,159.11611,183.09158
2026-03-17 11:00:00,1.15084,159.10403,183.10062
2026-03-17 12:00:00,1.15231,159.05466,183.27911
2026-03-17 13:00:00,1.15314,158.88673,183.21892
2026-03-17 14:00:00,1.15341,158.90976,183.28791
2026-03-17 15:00:00,1.15251,159.04465,183.30177
2026-03-17 16:00:00,1.15294,158.94054,183.24967
2026-03-17 17:00:00,1.15387,158.97911,183.4429
2026-03-17 18:00:00,1.15396,159.03952,183.52624
2026-03-17 19:00:00,1.15348,159.05207,183.46469
2026-03-17 20:00:00,1.15409,159.00512,183.50654
2026-03-17 21:00:00,1.15376,158.99433,183.44192
2026-03-17 22:00:00,1.15406,158.97808,183.4689
2026-03-17 23:00:00,1.15396,158.91573,183.38073
2026-03-18 00:00:00,1.15333,159.08163,183.47146
2026-03-18 01:00:00,1.15343,159.01016,183.40494
2026-03-18 02:00:00,1.15331,158.91161,183.27044
2026-03-18 03:00:00,1.15366,158.94964,183.37029
2026-03-18 04:00:00,1.15413,158.82399,183.29958
2026-03-18 05:00:00,1.15457,158.72424,183.25369
2026-03-18 06:00:00,1.15432,158.7387,183.23046
2026-03-18 07:00:00,1.15257,158.76948,182.98802
2026-03-18 08:00:00,1.15334,158.95737,183.32843
2026-03-18 09:00:00,1.15389,158.91963,183.37349
2026-03-18 10:00:00,1.15406,159.01463,183.51089
2026-03-18 11:00:00,1.15477,158.9731,183.57598
2026-03-18 12:00:00,1.15117,159.39139,183.48539
2026-03-18 13:00:00,1.15057,159.53842,183.55878
2026-03-18 14:00:00,1.15126,159.51819,183.64619
2026-03-18 15:00:00,1.1515,159.45341,183.60991
2026-03-18 16:00:00,1.1511,159.47842,183.57646
2026-03-18 17:00:00,1.15167,159.4099,183.58772
2026-03-18 18:00:00,1.14799,159.71114,183.34824
2026-03-18 19:00:00,1.14696,159.83079,183.3204
2026-03-18 20:00:00,1.14515,159.88999,183.10088
2026-03-18 21:00:00,1.14675,159.75265,183.19828
2026-03-18 22:00:00,1.14571,159.77512,183.05729
2026-03-18 23:00:00,1.14641,159.81242,183.2124
2026-03-19 00:00:00,1.14738,159.78779,183.33828
2026-03-19 01:00:00,1.1478,159.65046,183.24622
2026-03-19 02:00:00,1.14831,159.65682,183.33462
2026-03-19 03:00:00,1.1476,159.6234,183.18193
2026-03-19 04:00:00,1.14695,159.65939,183.11806
2026-03-19 05:00:00,1.14682,159.70402,183.14821
2026-03-19 06:00:00,1.14643,159.72083,183.10378
2026-03-19 07:00:00,1.14528,159.28255,182.41719
2026-03-19 08:00:00,1.14502,159.23223,182.31763
2026-03-19 09:00:00,1.14804,159.17952,182.73988
2026-03-19 10:00:00,1.1475,159.13551,182.60458
2026-03-19 11:00:00,1.14784,159.07956,182.59569
2026-03-19 12:00:00,1.14878,158.88692,182.52491
2026-03-19 13:00:00,1.14953,158.45289,182.14835
2026-03-19 14:00:00,1.15142,158.30275,182.27538
2026-03-19 15:00:00,1.15049,158.47823,182.33087
2026-03-19 16:00:00,1.1529,158.09051,182.26627
2026-03-19 17:00:00,1.15574,157.87298,182.46191
2026-03-19 18:00:00,1.15577,157.88361,182.47875
2026-03-19 19:00:00,1.15802,157.66298,182.57679
2026-03-19 20:00:00,1.15892,157.71375,182.77627
2026-03-19 21:00:00,1.15838,157.7937,182.78304
2026-03-19 22:00:00,1.15788,157.88094,182.80445
2026-03-19 23:00:00,1.15773,157.93196,182.84004
2026-03-20 00:00:00,1.1574,157.86162,182.70568
2026-03-20 01:00:00,1.15651,158.11844,182.86095
2026-03-20 02:00:00,1.1565,158.31399,183.08543
2026-03-20 03:00:00,1.15572,158.40191,183.06389
2026-03-20 04:00:00,1.15559,158.40088,183.04151
2026-03-20 05:00:00,1.15539,158.43414,183.04922
2026-03-20 06:00:00,1.15597,158.41331,183.11714
2026-03-20 07:00:00,1.15729,158.29906,183.19509
2026-03-20 08:00:00,1.1571,158.47778,183.37218
2026-03-20 09:00:00,1.15488,158.85288,183.45379
2026-03-20 10:00:00,1.15601,158.71616,183.47617
2026-03-20 11:00:00,1.15713,158.59741,183.51841
2026-03-20 12:00:00,1.15658,158.70455,183.55452
2026-03-20 13:00:00,1.1543,158.99037,183.52258
2026-03-20 14:00:00,1.15352,159.12889,183.55844
2026-03-20 15:00:00,1.15443,159.24463,183.83681
2026-03-20 16:00:00,1.156,159.2625,184.10793
2026-03-20 17:00:00,1.15587,159.21775,184.0356
2026-03-20 18:00:00,1.15501,159.37202,184.07575
2026-03-20 19:00:00,1.15578,159.30315,184.11963
2026-03-20 20:00:00,1.15711,159.22923,184.24403
2026-03-20 21:00:00,1.15966,159.08806,184.48511
2026-03-20 22:00:00,1.16029,159.08438,184.57967
2026-03-20 23:00:00,1.16022,159.09538,184.58094
2026-03-21 00:00:00,1.15918,159.24206,184.58506
2026-03-21 01:00:00,1.15918,159.24299,184.58596
2026-03-21 02:00:00,1.15918,159.24451,184.58801
2026-03-21 03:00:00,1.15918,159.24444,184.58797
2026-03-21 04:00:00,1.15917,159.24446,184.58803
2026-03-21 05:00:00,1.15916,159.24614,184.58854
2026-03-21 06:00:00,1.15917,159.24555,184.58947
2026-03-21 07:00:00,1.15916,159.24513,184.58942
2026-03-21 08:00:00,1.15916,159.24329,184.58735
2026-03-21 09:00:00,1.15915,159.24489,184.58932
2026-03-21 10:00:00,1.15915,159.24259,184.58676
2026-03-21 11:00:00,1.15915,159.24241,184.58705
2026-03-21 12:00:00,1.15914,159.2412,184.58526
2026-03-21 13:00:00,1.15921,159.24198,184.59744
2026-03-21 14:00:00,1.15919,159.2408,184.59194
2026-03-21 15:00:00,1.15881,159.23807,184.5284
2026-03-21 16:00:00,1.1591,159.24048,184.57649
2026-03-21 17:00:00,1.15838,159.23366,184.45337
2026-03-21 18:00:00,1.15841,159.23448,184.45776
2026-03-21 19:00:00,1.15868,159.23625,184.50257
2026-03-21 20:00:00,1.15839,159.23425,184.45302
2026-03-21 21:00:00,1.15894,159.23784,184.54391
2026-03-21 22:00:00,1.15864,159.23632,184.49461
2026-03-21 23:00:00,1.15907,159.24121,184.56787
2026-03-22 00:00:00,1.15854,159.23614,184.47764
2026-03-22 01:00:00,1.15903,159.24173,184.56077
2026-03-22 02:00:00,1.1588,159.23809,184.5203
2026-03-22 03:00:00,1.15893,159.24019,184.54453
2026-03-22 04:00:00,1.15925,159.24564,184.60115
2026-03-22 05:00:00,1.15922,159.24197,184.59289
2026-03-22 06:00:00,1.15923,159.24108,184.59511
2026-03-22 07:00:00,1.15929,159.25669,184.62334
2026-03-22 08:00:00,1.15924,159.25151,184.6101
2026-03-22 09:00:00,1.15919,159.24684,184.5984
2026-03-22 10:00:00,1.15919,159.24627,184.59782
2026-03-22 11:00:00,1.15916,159.09307,184.41527
2026-03-22 12:00:00,1.15914,159.17635,184.50867
2026-03-22 13:00:00,1.15863,159.18205,184.43427
2026-03-22 14:00:00,1.15863,159.21497,184.47239
2026-03-22 15:00:00,1.15761,159.21559,184.31139
2026-03-22 16:00:00,1.15734,159.21069,184.26148
2026-03-22 17:00:00,1.15716,159.08989,184.09301
2026-03-22 18:00:00,1.15392,159.38702,183.91918
2026-03-22 19:00:00,1.15448,159.35902,183.97717
2026-03-22 20:00:00,1.15432,159.34664,183.93673
2026-03-22 21:00:00,1.15443,159.34768,183.95426
2026-03-22 22:00:00,1.15581,159.30672,184.12612
2026-03-22 23:00:00,1.15613,159.21302,184.06818
2026-03-23 00:00:00,1.15464,159.45689,184.11214
2026-03-23 01:00:00,1.15548,159.49807,184.29386
2026-03-23 02:00:00,1.15477,159.53348,184.22177
2026-03-23 03:00:00,1.1548,159.46527,184.1473
2026-03-23 04:00:00,1.15501,159.41326,184.12148
2026-03-23 05:00:00,1.15354,159.58013,184.07874
2026-03-23 06:00:00,1.15297,159.50942,183.9073
2026-03-23 07:00:00,1.15277,159.61739,183.99976
2026-03-23 08:00:00,1.15327,159.42991,183.86402
2026-03-23 09:00:00,1.14941,159.57233,183.41102
2026-03-23 10:00:00,1.14859,159.62313,183.3381
2026-03-23 11:00:00,1.15586,158.92423,183.6945
2026-03-23 12:00:00,1.16109,158.52936,184.06943
2026-03-23 13:00:00,1.1598,158.4854,183.81296
2026-03-23 14:00:00,1.16177,158.43573,184.06726
2026-03-23 15:00:00,1.15858,158.72701,183.89961
2026-03-23 16:00:00,1.15915,158.68916,183.94496
2026-03-23 17:00:00,1.16025,158.4435,183.83296
2026-03-23 18:00:00,1.16365,158.06511,183.93055
2026-03-23 19:00:00,1.16148,158.39381,183.9691
2026-03-23 20:00:00,1.16117,158.43274,183.96475
2026-03-23 21:00:00,1.16156,158.40916,183.99697
2026-03-23 22:00:00,1.16167,158.32951,183.92149
2026-03-23 23:00:00,1.1608,158.50154,183.98394
2026-03-24 00:00:00,1.15903,158.57994,183.79432
2026-03-24 01:00:00,1.15847,158.59746,183.72684
2026-03-24 02:00:00,1.15867,158.66195,183.83284
2026-03-24 03:00:00,1.15831,158.73686,183.86264
2026-03-24 04:00:00,1.158,158.77203,183.85525
2026-03-24 05:00:00,1.15846,158.65197,183.78887
2026-03-24 06:00:00,1.15917,158.61279,183.85801
2026-03-24 07:00:00,1.16083,158.49942,183.99088
2026-03-24 08:00:00,1.15883,158.66126,183.86104
2026-03-24 09:00:00,1.15959,158.62688,183.94342
2026-03-24 10:00:00,1.15902,158.70994,183.94881
2026-03-24 11:00:00,1.15898,158.76426,184.00531
2026-03-24 12:00:00,1.1586,158.8147,184.00398
2026-03-24 13:00:00,1.15762,158.83048,183.86616
2026-03-24 14:00:00,1.16019,158.61851,184.02916
2026-03-24 15:00:00,1.1582,158.83192,183.96008
2026-03-24 16:00:00,1.15838,158.92385,184.09424
2026-03-24 17:00:00,1.15759,159.0869,184.15753
2026-03-24 18:00:00,1.15813,158.98122,184.11997
2026-03-24 19:00:00,1.15855,158.98917,184.19538
2026-03-24 20:00:00,1.16076,158.71137,184.22309
2026-03-24 21:00:00,1.16113,158.66222,184.22294
2026-03-24 22:00:00,1.16155,158.68847,184.32001
2026-03-24 23:00:00,1.16145,158.71787,184.33773
2026-03-25 00:00:00,1.16248,158.66437,184.43835
2026-03-25 01:00:00,1.16136,158.72167,184.32878
2026-03-25 02:00:00,1.16044,158.81533,184.29108
2026-03-25 03:00:00,1.16036,158.81196,184.27592
2026-03-25 04:00:00,1.15983,158.89161,184.28464
2026-03-25 05:00:00,1.15924,159.01166,184.33067
2026-03-25 06:00:00,1.15967,159.00381,184.39044
2026-03-25 07:00:00,1.1597,159.14474,184.55982
2026-03-25 08:00:00,1.16032,158.76993,184.2247
2026-03-25 09:00:00,1.15995,158.91351,184.33223
2026-03-25 10:00:00,1.16049,158.88951,184.39142
2026-03-25 11:00:00,1.16042,158.87517,184.36354
2026-03-25 12:00:00,1.15915,159.02175,184.3322
2026-03-25 13:00:00,1.15741,159.13661,184.18739
2026-03-25 14:00:00,1.15858,159.05385,184.2781
2026-03-25 15:00:00,1.15688,159.22867,184.20889
2026-03-25 16:00:00,1.15682,159.26341,184.23963
2026-03-25 17:00:00,1.15791,159.25189,184.3981
2026-03-25 18:00:00,1.15661,159.42669,184.39345
2026-03-25 19:00:00,1.15625,159.47871,184.39592
2026-03-25 20:00:00,1.15598,159.47165,184.34331
2026-03-25 21:00:00,1.1561,159.40747,184.28844
2026-03-25 22:00:00,1.15609,159.41858,184.29943
2026-03-25 23:00:00,1.1562,159.39884,184.29395
2026-03-26 00:00:00,1.15591,159.45935,184.31759
2026-03-26 01:00:00,1.15642,159.48185,184.42503
2026-03-26 02:00:00,1.15595,159.52525,184.39925
2026-03-26 03:00:00,1.15688,159.46545,184.47935
2026-03-26 04:00:00,1.15696,159.44437,184.46722
2026-03-26 05:00:00,1.15597,159.48136,184.35271
2026-03-26 06:00:00,1.1566,159.3171,184.26407
2026-03-26 07:00:00,1.15548,159.50136,184.2999
2026-03-26 08:00:00,1.15603,159.45832,184.33764
2026-03-26 09:00:00,1.15584,159.52746,184.38883
2026-03-26 10:00:00,1.15573,159.49269,184.3307
2026-03-26 11:00:00,1.15242,159.65857,183.99301
2026-03-26 12:00:00,1.15338,159.66305,184.15273
2026-03-26 13:00:00,1.154,159.58633,184.16246
2026-03-26 14:00:00,1.15469,159.56516,184.24897
2026-03-26 15:00:00,1.15407,159.66292,184.26234
2026-03-26 16:00:00,1.15362,159.66261,184.19048
2026-03-26 17:00:00,1.15269,159.75894,184.1521
2026-03-26 18:00:00,1.15335,159.76162,184.25994
2026-03-26 19:00:00,1.15227,159.82895,184.16521
2026-03-26 20:00:00,1.15293,159.77536,184.20855
2026-03-26 21:00:00,1.1535,159.67192,184.17928
2026-03-26 22:00:00,1.1539,159.65955,184.22863
2026-03-26 23:00:00,1.15349,159.72877,184.243
2026-03-27 00:00:00,1.1531,159.56596,183.9922
2026-03-27 01:00:00,1.15406,159.4798,184.04581
2026-03-27 02:00:00,1.15391,159.52255,184.07094
2026-03-27 03:00:00,1.15388,159.6301,184.19193
2026-03-27 04:00:00,1.15437,159.62013,184.2585
2026-03-27 05:00:00,1.15414,159.62575,184.22796
2026-03-27 06:00:00,1.15351,159.75826,184.28095
2026-03-27 07:00:00,1.15185,159.96671,184.25553
2026-03-27 08:00:00,1.15215,159.84914,184.16907
2026-03-27 09:00:00,1.15185,159.87269,184.14854
2026-03-27 10:00:00,1.15115,159.92628,184.09782
2026-03-27 11:00:00,1.15087,159.86173,183.97881
2026-03-27 12:00:00,1.15168,159.87621,184.1256
2026-03-27 13:00:00,1.15237,159.90128,184.26552
2026-03-27 14:00:00,1.15306,159.89814,184.37131
2026-03-27 15:00:00,1.15211,160.11464,184.46901
2026-03-27 16:00:00,1.15195,160.14546,184.47893
2026-03-27 17:00:00,1.15124,160.35292,184.60298
2026-03-27 18:00:00,1.15138,160.25789,184.51663
2026-03-27 19:00:00,1.1518,160.15533,184.46519
2026-03-27 20:00:00,1.15104,160.29395,184.50276
2026-03-27 21:00:00,1.15374,160.30044,184.9422
2026-03-27 22:00:00,1.15422,160.20211,184.90593
2026-03-27 23:00:00,1.15427,160.2083,184.91995
2026-03-28 00:00:00,1.15456,160.31975,185.09598
2026-03-28 01:00:00,1.15455,160.3206,185.09441
2026-03-28 02:00:00,1.15456,160.31952,185.09651
2026-03-28 03:00:00,1.15455,160.32166,185.09787
2026-03-28 04:00:00,1.15455,160.32253,185.0986
2026-03-28 05:00:00,1.15118,160.32251,184.55933
2026-03-28 06:00:00,1.15102,160.32319,184.53474
2026-03-28 07:00:00,1.15147,160.32132,184.60483
2026-03-28 08:00:00,1.15106,160.32333,184.54059
2026-03-28 09:00:00,1.15102,160.32324,184.53443
2026-03-28 10:00:00,1.15116,160.32248,184.55554
2026-03-28 11:00:00,1.15103,160.32232,184.5344
2026-03-28 12:00:00,1.15274,160.31534,184.8013
2026-03-28 13:00:00,1.15281,159.59159,183.97822
2026-03-28 14:00:00,1.15345,159.84616,184.37458
2026-03-28 15:00:00,1.15377,160.12895,184.75118
2026-03-28 16:00:00,1.15355,160.20906,184.80844
2026-03-28 17:00:00,1.15337,160.2743,184.85339
2026-03-28 18:00:00,1.15354,160.25968,184.86325
2026-03-28 19:00:00,1.15393,160.27038,184.93803
2026-03-28 20:00:00,1.15358,160.26567,184.87683
2026-03-28 21:00:00,1.1535,160.24424,184.83924
2026-03-28 22:00:00,1.1539,160.26047,184.92173
2026-03-28 23:00:00,1.15383,160.25166,184.90087
2026-03-29 00:00:00,1.15327,160.27682,184.83934
2026-03-29 01:00:00,1.15373,160.28268,184.92089
2026-03-29 02:00:00,1.15356,160.25774,184.86474
2026-03-29 03:00:00,1.15394,160.26951,184.93925
2026-03-29 04:00:00,1.15338,160.26346,184.84296
2026-03-29 05:00:00,1.15369,159.99182,184.579
2026-03-29 06:00:00,1.15386,160.17172,184.81438
2026-03-29 07:00:00,1.1536,160.20914,184.81635
2026-03-29 08:00:00,1.15396,160.23835,184.90773
2026-03-29 09:00:00,1.15383,160.24692,184.89717
2026-03-29 10:00:00,1.15382,160.2465,184.89649
2026-03-29 11:00:00,1.15315,160.0395,184.54899
2026-03-29 12:00:00,1.15315,160.03887,184.54835
2026-03-29 13:00:00,1.15198,159.89483,184.19543
2026-03-29 14:00:00,1.15026,159.64421,183.63264
2026-03-29 15:00:00,1.1503,159.58267,183.56918
2026-03-29 16:00:00,1.15074,159.52528,183.57236
2026-03-29 17:00:00,1.15097,160.05871,184.22229
2026-03-29 18:00:00,1.15123,160.32925,184.57422
2026-03-29 19:00:00,1.15007,160.22639,184.27133
2026-03-29 20:00:00,1.15033,160.2243,184.31004
2026-03-29 21:00:00,1.15017,160.2164,184.27411
2026-03-29 22:00:00,1.1489,160.4188,184.30461
2026-03-29 23:00:00,1.14913,160.25752,184.15621
2026-03-30 00:00:00,1.15069,159.90925,184.00477
2026-03-30 01:00:00,1.15052,159.95197,184.02621
2026-03-30 02:00:00,1.15116,159.84907,184.00989
2026-03-30 03:00:00,1.15162,159.79584,184.02165
2026-03-30 04:00:00,1.15143,159.79641,183.99116
2026-03-30 05:00:00,1.1517,159.71826,183.94474
2026-03-30 06:00:00,1.15129,159.82493,184.00281
2026-03-30 07:00:00,1.14975,159.77735,183.7006
2026-03-30 08:00:00,1.14968,159.69208,183.59163
2026-03-30 09:00:00,1.14956,159.62736,183.49995
2026-03-30 10:00:00,1.14893,159.60564,183.37477
2026-03-30 11:00:00,1.14859,159.52228,183.22466
2026-03-30 12:00:00,1.14828,159.37947,183.01309
2026-03-30 13:00:00,1.14644,159.53235,182.89522
2026-03-30 14:00:00,1.14657,159.52664,182.90997
2026-03-30 15:00:00,1.14543,159.48092,182.67699
2026-03-30 16:00:00,1.14597,159.45219,182.72981
2026-03-30 17:00:00,1.14574,159.57204,182.83141
2026-03-30 18:00:00,1.14622,159.63088,182.97404
2026-03-30 19:00:00,1.14592,159.70574,183.0109
2026-03-30 20:00:00,1.14623,159.74136,183.10081
2026-03-30 21:00:00,1.14627,159.76118,183.12964
2026-03-30 22:00:00,1.14608,159.8032,183.14598
2026-03-30 23:00:00,1.14562,159.85487,183.1315
2026-03-31 00:00:00,1.14758,159.8701,183.4622
2026-03-31 01:00:00,1.1477,159.75038,183.34204
2026-03-31 02:00:00,1.14768,159.6305,183.20099
2026-03-31 03:00:00,1.14697,159.72647,183.19724
2026-03-31 04:00:00,1.14701,159.62674,183.08783
2026-03-31 05:00:00,1.14633,159.61925,182.97208
2026-03-31 06:00:00,1.14732,159.71894,183.24517
2026-03-31 07:00:00,1.14711,159.66831,183.1537
2026-03-31 08:00:00,1.14683,159.59635,183.02658
2026-03-31 09:00:00,1.14676,159.66196,183.09144
2026-03-31 10:00:00,1.14591,159.74664,183.05415
2026-03-31 11:00:00,1.14886,159.45138,183.18815
2026-03-31 12:00:00,1.15042,159.36331,183.33526
2026-03-31 13:00:00,1.15314,159.11519,183.48261
2026-03-31 14:00:00,1.15197,159.11696,183.29882
2026-03-31 15:00:00,1.1516,159.09545,183.21531
2026-03-31 16:00:00,1.15415,158.93367,183.43399
2026-03-31 17:00:00,1.15417,158.94254,183.44673
2026-03-31 18:00:00,1.15468,158.86989,183.44304
2026-03-31 19:00:00,1.15593,158.71263,183.45869
2026-03-31 20:00:00,1.15535,158.72499,183.37976
2026-03-31 21:00:00,1.15577,158.77494,183.50343
2026-03-31 22:00:00,1.15591,158.72871,183.47191
2026-03-31 23:00:00,1.15745,158.56868,183.53108
2026-04-01 00:00:00,1.15753,158.77846,183.78688
2026-04-01 01:00:00,1.1562,158.75339,183.54704
2026-04-01 02:00:00,1.15699,158.72364,183.63801
2026-04-01 03:00:00,1.15613,158.84209,183.63882
2026-04-01 04:00:00,1.15655,158.79752,183.65465
2026-04-01 05:00:00,1.15697,158.67639,183.58321
2026-04-01 06:00:00,1.15912,158.32114,183.5138
2026-04-01 07:00:00,1.15826,158.76606,183.89294
2026-04-01 08:00:00,1.15978,158.57245,183.9104
2026-04-01 09:00:00,1.1595,158.71645,184.03337
2026-04-01 10:00:00,1.15993,158.50954,183.86152
2026-04-01 11:00:00,1.16083,158.35375,183.82309
2026-04-01 12:00:00,1.16038,158.53846,183.96613
2026-04-01 13:00:00,1.16117,158.62425,184.19046
2026-04-01 14:00:00,1.16243,158.46843,184.20838
2026-04-01 15:00:00,1.16145,158.61305,184.21952
2026-04-01 16:00:00,1.16185,158.54596,184.20387
2026-04-01 17:00:00,1.15952,158.7097,184.02415
2026-04-01 18:00:00,1.15814,158.8319,183.94691
2026-04-01 19:00:00,1.15851,158.90565,184.08996
2026-04-01 20:00:00,1.15909,158.7935,184.05161
2026-04-01 21:00:00,1.15908,158.71497,183.9596
2026-04-01 22:00:00,1.15915,158.61417,183.85289
2026-04-01 23:00:00,1.15907,158.7081,183.95023
2026-04-02 00:00:00,1.15977,158.64479,183.98719
2026-04-02 01:00:00,1.15528,159.27437,184.00392
2026-04-02 02:00:00,1.15487,159.41409,184.09928
2026-04-02 03:00:00,1.154,159.37939,183.92032
2026-04-02 04:00:00,1.15367,159.34504,183.82917
2026-04-02 05:00:00,1.15263,159.43778,183.7709
2026-04-02 06:00:00,1.15348,159.38312,183.84377
2026-04-02 07:00:00,1.15323,159.56596,184.01531
2026-04-02 08:00:00,1.15254,159.68224,184.03938
2026-04-02 09:00:00,1.1525,159.5996,183.93859
2026-04-02 10:00:00,1.15126,159.68726,183.8416
2026-04-02 11:00:00,1.15182,159.69412,183.93776
2026-04-02 12:00:00,1.15244,159.63199,183.96596
2026-04-02 13:00:00,1.15313,159.47606,183.8972
2026-04-02 14:00:00,1.15509,159.33782,184.04944
2026-04-02 15:00:00,1.15451,159.35155,183.97239
2026-04-02 16:00:00,1.15424,159.49016,184.08877
2026-04-02 17:00:00,1.1538,159.59362,184.1379
2026-04-02 18:00:00,1.15382,159.61357,184.16385
2026-04-02 19:00:00,1.15349,159.66839,184.17404
2026-04-02 20:00:00,1.15395,159.59405,184.16054
2026-04-02 21:00:00,1.15419,159.57686,184.17955
2026-04-02 22:00:00,1.15404,159.53832,184.11055
2026-04-02 23:00:00,1.15419,159.49353,184.08321
2026-04-03 00:00:00,1.15392,159.59352,184.15574
2026-04-03 01:00:00,1.1535,159.64736,184.15096
2026-04-03 02:00:00,1.15368,159.6748,184.21087
2026-04-03 03:00:00,1.15365,159.59227,184.11154
2026-04-03 04:00:00,1.15347,159.62634,184.12246
2026-04-03 05:00:00,1.15382,159.65627,184.2133
2026-04-03 06:00:00,1.15401,159.63908,184.22379
2026-04-03 07:00:00,1.15433,159.58173,184.20936
2026-04-03 08:00:00,1.15437,159.59677,184.23334
2026-04-03 09:00:00,1.15431,159.59619,184.22398
2026-04-03 10:00:00,1.15458,159.59101,184.26027
2026-04-03 11:00:00,1.15442,159.55944,184.19841
2026-04-03 12:00:00,1.15313,159.61882,184.06148
2026-04-03 13:00:00,1.15353,159.5207,184.01202
2026-04-03 14:00:00,1.15218,159.59231,183.87971
2026-04-03 15:00:00,1.1522,159.63839,183.9351
2026-04-03 16:00:00,1.15206,159.63042,183.90376
2026-04-03 17:00:00,1.15202,159.63221,183.8994
2026-04-03 18:00:00,1.15154,159.65131,183.84348
2026-04-03 19:00:00,1.15147,159.64147,183.82145
2026-04-03 20:00:00,1.15182,159.65888,183.89698
2026-04-03 21:00:00,1.15214,159.66652,183.95602
2026-04-03 22:00:00,1.15208,159.63819,183.91362
2026-04-03 23:00:00,1.15208,159.63875,183.9141
2026-04-04 00:00:00,1.15195,159.67401,183.93413
2026-04-04 01:00:00,1.15175,159.67593,183.9031
2026-04-04 02:00:00,1.15184,159.67409,183.91595
2026-04-04 03:00:00,1.15164,159.67641,183.8869
2026-04-04 04:00:00,1.15192,159.57601,183.81544
2026-04-04 05:00:00,1.15172,159.57729,183.78599
2026-04-04 06:00:00,1.15162,159.57581,183.76844
2026-04-04 07:00:00,1.15198,159.58401,183.83685
2026-04-04 08:00:00,1.15146,159.57486,183.7427
2026-04-04 09:00:00,1.15141,159.57294,183.73287
2026-04-04 10:00:00,1.15151,159.57462,183.75099
2026-04-04 11:00:00,1.15182,159.58448,183.81238
2026-04-04 12:00:00,1.15194,159.62727,183.88153
2026-04-04 13:00:00,1.15183,159.62265,183.85799
2026-04-04 14:00:00,1.15187,159.63949,183.88348
2026-04-04 16:00:00,1.15162,159.61175,183.81275
2026-04-04 17:00:00,1.15185,159.6196,183.85801
2026-04-04 18:00:00,1.15196,159.64493,183.90289
2026-04-04 19:00:00,1.152,159.64308,183.90768
2026-04-04 20:00:00,1.15204,159.64177,183.91163
2026-04-04 21:00:00,1.15182,159.60236,183.83072
2026-04-04 22:00:00,1.15183,159.60791,183.83841
2026-04-04 23:00:00,1.15197,159.625,183.88077
2026-04-05 00:00:00,1.15201,159.62141,183.88324
2026-04-05 01:00:00,1.15204,159.6463,183.9153
2026-04-05 02:00:00,1.1519,159.65393,183.90287
2026-04-05 03:00:00,1.15196,159.65523,183.91445
2026-04-05 04:00:00,1.152,159.65736,183.92329
2026-04-05 05:00:00,1.15203,159.65704,183.92692
2026-04-05 06:00:00,1.15195,159.65719,183.91557
2026-04-05 07:00:00,1.15197,159.6572,183.91946
2026-04-05 08:00:00,1.15201,159.65617,183.92384
2026-04-05 09:00:00,1.15203,159.65518,183.92769
2026-04-05 10:00:00,1.15203,159.65457,183.9274
2026-04-05 11:00:00,1.15195,159.6,183.85115
2026-04-05 12:00:00,1.15195,159.5996,183.85129
2026-04-05 13:00:00,1.15157,159.55971,183.74463
2026-04-05 14:00:00,1.15298,159.61349,184.03118
2026-04-05 15:00:00,1.15271,159.57392,183.94237
2026-04-05 16:00:00,1.1525,159.54883,183.87891
2026-04-05 17:00:00,1.15204,159.64533,183.91763
2026-04-05 18:00:00,1.15143,159.58569,183.75118
2026-04-05 19:00:00,1.15231,159.60476,183.91172
2026-04-05 20:00:00,1.15201,159.70628,183.98092
2026-04-05 21:00:00,1.15211,159.71309,184.00501
2026-04-05 22:00:00,1.15159,159.67239,183.87442
2026-04-05 23:00:00,1.15103,159.79129,183.92208
2026-04-06 00:00:00,1.15125,159.76174,183.92297
2026-04-06 01:00:00,1.15073,159.69856,183.76617
2026-04-06 02:00:00,1.15219,159.55934,183.84021
2026-04-06 03:00:00,1.15195,159.63473,183.88897
2026-04-06 04:00:00,1.15246,159.57951,183.9064
2026-04-06 05:00:00,1.15257,159.57609,183.92086
2026-04-06 06:00:00,1.15321,159.63512,184.09164
2026-04-06 07:00:00,1.15657,159.38222,184.3375
2026-04-06 08:00:00,1.15563,159.38695,184.19362
2026-04-06 09:00:00,1.15503,159.44553,184.1645
2026-04-06 10:00:00,1.15492,159.46044,184.16457
2026-04-06 11:00:00,1.15465,159.55751,184.233
2026-04-06 12:00:00,1.15542,159.40826,184.18343
2026-04-06 13:00:00,1.1561,159.48313,184.37807
2026-04-06 14:00:00,1.15435,159.70827,184.3587
2026-04-06 15:00:00,1.15444,159.72342,184.39072
2026-04-06 16:00:00,1.15449,159.6852,184.35411
2026-04-06 17:00:00,1.15425,159.7662,184.40867
2026-04-06 18:00:00,1.15459,159.69416,184.3792
2026-04-06 19:00:00,1.15443,159.67763,184.33369
2026-04-06 20:00:00,1.15432,159.68838,184.3283
2026-04-06 21:00:00,1.15444,159.6836,184.34211
2026-04-06 22:00:00,1.15432,159.67809,184.31638
2026-04-06 23:00:00,1.15414,159.70002,184.31319
2026-04-07 00:00:00,1.15383,159.82736,184.41127
2026-04-07 01:00:00,1.15299,159.89568,184.35604
2026-04-07 02:00:00,1.153,159.88528,184.34524
2026-04-07 03:00:00,1.15351,159.8353,184.36965
2026-04-07 04:00:00,1.15383,159.74385,184.31543
2026-04-07 05:00:00,1.15349,159.78752,184.31218
2026-04-07 06:00:00,1.1544,159.78999,184.46135
2026-04-07 07:00:00,1.15427,159.8713,184.53383
2026-04-07 08:00:00,1.15742,159.49971,184.60953
2026-04-07 09:00:00,1.15633,159.6364,184.59336
2026-04-07 10:00:00,1.15538,159.7835,184.61076
2026-04-07 11:00:00,1.15594,159.83752,184.7633
2026-04-07 12:00:00,1.15611,159.77623,184.71927
2026-04-07 13:00:00,1.15639,159.88722,184.89109
2026-04-07 14:00:00,1.15731,159.95631,185.1176
2026-04-07 15:00:00,1.15729,159.89781,185.04556
2026-04-07 16:00:00,1.15714,159.90455,185.02918
2026-04-07 17:00:00,1.15776,159.79772,185.00373
2026-04-07 18:00:00,1.15752,159.83746,185.01078
2026-04-07 19:00:00,1.15955,159.56763,185.02174
2026-04-07 20:00:00,1.15976,159.62133,185.11798
2026-04-07 21:00:00,1.15984,159.55645,185.05513
2026-04-07 22:00:00,1.1667,158.90553,185.38814
2026-04-07 23:00:00,1.16865,158.74211,185.50767
2026-04-08 00:00:00,1.16719,158.67361,185.1998
2026-04-08 01:00:00,1.1676,158.4146,184.96467
2026-04-08 02:00:00,1.16731,158.45667,184.96847
2026-04-08 03:00:00,1.16712,158.43191,184.91097
2026-04-08 04:00:00,1.16757,158.36696,184.90776
2026-04-08 05:00:00,1.1692,158.28316,185.06861
2026-04-08 06:00:00,1.1697,158.18923,185.03966
2026-04-08 07:00:00,1.16958,158.21145,185.04527
2026-04-08 08:00:00,1.16811,158.37147,184.99982
2026-04-08 09:00:00,1.16802,158.4885,185.12146
2026-04-08 10:00:00,1.16911,158.41344,185.20533
2026-04-08 11:00:00,1.17001,158.24656,185.15171
2026-04-08 12:00:00,1.17147,158.00326,185.09465
2026-04-08 13:00:00,1.16929,158.29375,185.08822
2026-04-08 14:00:00,1.16953,158.28767,185.11823
2026-04-08 15:00:00,1.16881,158.38312,185.11387
2026-04-08 16:00:00,1.16819,158.43228,185.07249
2026-04-08 17:00:00,1.16746,158.47547,185.00689
2026-04-08 18:00:00,1.16512,158.7282,184.93113
2026-04-08 19:00:00,1.16695,158.5239,184.98223
2026-04-08 20:00:00,1.16627,158.58407,184.94546
2026-04-08 21:00:00,1.16665,158.55537,184.97202
2026-04-08 22:00:00,1.16629,158.57471,184.93872
2026-04-08 23:00:00,1.16592,158.66244,184.98394
2026-04-09 00:00:00,1.16583,158.85578,185.19574
2026-04-09 01:00:00,1.16627,158.82591,185.23313
2026-04-09 02:00:00,1.16659,158.73279,185.17573
2026-04-09 03:00:00,1.16628,158.75482,185.15421
2026-04-09 04:00:00,1.16672,158.73854,185.20669
2026-04-09 05:00:00,1.1661,158.84905,185.2383
2026-04-09 06:00:00,1.16627,158.80772,185.21706
2026-04-09 07:00:00,1.16633,158.95118,185.39395
2026-04-09 08:00:00,1.16721,158.99692,185.5875
2026-04-09 09:00:00,1.16745,158.98568,185.61183
2026-04-09 10:00:00,1.1674,159.07031,185.70314
2026-04-09 11:00:00,1.16882,158.89676,185.72533
2026-04-09 12:00:00,1.16859,159.014,185.82459
2026-04-09 13:00:00,1.16825,159.07995,185.84459
2026-04-09 14:00:00,1.16847,159.20336,186.02345
2026-04-09 15:00:00,1.1705,158.88125,185.96719
2026-04-09 16:00:00,1.17112,158.76043,185.92153
2026-04-09 17:00:00,1.17143,158.77415,185.98536
2026-04-09 18:00:00,1.17003,159.00355,186.03147
2026-04-09 19:00:00,1.17015,159.08471,186.14389
2026-04-09 20:00:00,1.16993,159.00167,186.01171
2026-04-09 21:00:00,1.17018,159.00808,186.05953
2026-04-09 22:00:00,1.16944,159.09244,186.04214
2026-04-09 23:00:00,1.16915,159.10956,186.01593
2026-04-10 00:00:00,1.16872,159.19596,186.05053
2026-04-10 01:00:00,1.16921,159.06017,185.97242
2026-04-10 02:00:00,1.1691,159.16868,186.08294
2026-04-10 03:00:00,1.16958,159.15648,186.14696
2026-04-10 04:00:00,1.1692,159.1908,186.12742
2026-04-10 05:00:00,1.16907,159.25699,186.18547
2026-04-10 06:00:00,1.16853,159.27312,186.12056
2026-04-10 07:00:00,1.16802,159.34301,186.12136
2026-04-10 08:00:00,1.1686,159.321,186.18765
2026-04-10 09:00:00,1.17101,159.25237,186.49156
2026-04-10 10:00:00,1.17137,159.19787,186.4851
2026-04-10 11:00:00,1.17151,159.17711,186.48152
2026-04-10 12:00:00,1.17204,159.16632,186.5518
2026-04-10 13:00:00,1.17271,159.19447,186.69152
2026-04-10 14:00:00,1.17285,159.15396,186.66417
2026-04-10 15:00:00,1.17231,159.23358,186.66954
2026-04-10 16:00:00,1.17212,159.27434,186.6848
2026-04-10 17:00:00,1.17234,159.298,186.74652
2026-04-10 18:00:00,1.17314,159.28485,186.85649
2026-04-10 19:00:00,1.17287,159.30566,186.83692
2026-04-10 20:00:00,1.17259,159.30185,186.78735
2026-04-10 21:00:00,1.17252,159.26432,186.73115
2026-04-10 22:00:00,1.17253,159.24547,186.71177
2026-04-10 23:00:00,1.17245,159.24556,186.69955
2026-04-11 00:00:00,1.17182,159.19653,186.54433
2026-04-11 01:00:00,1.17182,159.19548,186.54407
2026-04-11 02:00:00,1.17185,159.20144,186.55795
2026-04-11 03:00:00,1.17181,159.19405,186.54491
2026-04-11 04:00:00,1.17181,159.19629,186.5488
2026-04-11 05:00:00,1.1718,159.19419,186.54769
2026-04-11 06:00:00,1.17181,159.19316,186.54842
2026-04-11 07:00:00,1.17184,159.20084,186.56303
2026-04-11 08:00:00,1.1718,159.19197,186.54741
2026-04-11 09:00:00,1.1718,159.19154,186.54701
2026-04-11 10:00:00,1.1718,159.19234,186.54721
2026-04-11 11:00:00,1.1725,159.20727,186.67513
2026-04-11 12:00:00,1.17253,159.23984,186.71676
2026-04-11 13:00:00,1.17251,159.25665,186.7315
2026-04-11 14:00:00,1.17251,159.26333,186.73812
2026-04-11 15:00:00,1.17252,159.25604,186.72889
2026-04-11 16:00:00,1.1725,159.24716,186.71259
2026-04-11 17:00:00,1.17259,159.26057,186.74146
2026-04-11 18:00:00,1.17223,159.23498,186.65278
2026-04-11 19:00:00,1.17243,159.25096,186.70161
2026-04-11 20:00:00,1.17257,159.25309,186.72581
2026-04-11 21:00:00,1.17232,159.24741,186.6797
2026-04-11 22:00:00,1.17256,159.25623,186.72906
2026-04-11 23:00:00,1.17255,159.25265,186.725
2026-04-12 00:00:00,1.17263,159.26929,186.75712
2026-04-12 01:00:00,1.17257,159.25984,186.7395
2026-04-12 02:00:00,1.17251,159.24626,186.71516
2026-04-12 03:00:00,1.17259,159.2571,186.74299
2026-04-12 04:00:00,1.17258,159.25086,186.73539
2026-04-12 05:00:00,1.17263,159.25953,186.75628
2026-04-12 06:00:00,1.17258,159.25465,186.74415
2026-04-12 07:00:00,1.17253,159.24234,186.72222
2026-04-12 08:00:00,1.17261,159.25359,186.74779
2026-04-12 09:00:00,1.17258,159.24804,186.73737
2026-04-12 10:00:00,1.17258,159.24785,186.73702
2026-04-12 11:00:00,1.17265,159.23168,186.72772
2026-04-12 12:00:00,1.17307,159.19875,186.75425
2026-04-12 13:00:00,1.17284,159.19844,186.715
2026-04-12 14:00:00,1.17206,159.24322,186.64219
2026-04-12 15:00:00,1.17275,159.2031,186.70314
2026-04-12 16:00:00,1.17268,159.20292,186.68974
2026-04-12 17:00:00,1.17233,159.20689,186.63695
2026-04-12 18:00:00,1.1698,159.29404,186.33409
2026-04-12 19:00:00,1.16976,159.5226,186.59592
2026-04-12 20:00:00,1.1688,159.57218,186.49913
2026-04-12 21:00:00,1.16759,159.60693,186.34801
2026-04-12 22:00:00,1.16735,159.8104,186.54753
2026-04-12 23:00:00,1.16749,159.71103,186.45425
2026-04-13 00:00:00,1.16867,159.73064,186.66756
2026-04-13 01:00:00,1.16869,159.69804,186.63381
2026-04-13 02:00:00,1.16887,159.71712,186.6865
2026-04-13 03:00:00,1.16884,159.69749,186.66049
2026-04-13 04:00:00,1.16863,159.73051,186.66642
2026-04-13 05:00:00,1.16879,159.68773,186.64491
2026-04-13 06:00:00,1.16854,159.68221,186.59876
2026-04-13 07:00:00,1.16974,159.62318,186.72188
2026-04-13 08:00:00,1.16859,159.71719,186.6492
2026-04-13 09:00:00,1.16869,159.73804,186.69001
2026-04-13 10:00:00,1.1693,159.69676,186.73855
2026-04-13 11:00:00,1.16831,159.82809,186.7334
2026-04-13 12:00:00,1.16989,159.7376,186.87798
2026-04-13 13:00:00,1.17042,159.58367,186.78167
2026-04-13 14:00:00,1.17112,159.58223,186.8895
2026-04-13 15:00:00,1.17095,159.75255,187.06049
2026-04-13 16:00:00,1.17256,159.51515,187.03675
2026-04-13 17:00:00,1.17339,159.41559,187.05076
2026-04-13 18:00:00,1.17633,159.3249,187.41152
2026-04-13 19:00:00,1.17613,159.38166,187.44567
2026-04-13 20:00:00,1.17595,159.45216,187.49882
2026-04-13 21:00:00,1.17567,159.38554,187.37531
2026-04-13 22:00:00,1.17618,159.3743,187.44366
2026-04-13 23:00:00,1.17671,159.22744,187.35751
2026-04-14 00:00:00,1.1766,159.17955,187.28523
2026-04-14 01:00:00,1.17604,159.22204,187.2469
2026-04-14 02:00:00,1.17608,159.1433,187.16275
2026-04-14 03:00:00,1.17678,159.08893,187.213
2026-04-14 04:00:00,1.17679,159.03189,187.15026
2026-04-14 05:00:00,1.17641,159.15074,187.23066
2026-04-14 06:00:00,1.17778,159.16641,187.46709
2026-04-14 07:00:00,1.17815,159.05669,187.39851
2026-04-14 08:00:00,1.17822,159.07943,187.43682
2026-04-14 09:00:00,1.17873,158.98234,187.40354
2026-04-14 10:00:00,1.17973,158.82687,187.37839
2026-04-14 11:00:00,1.18023,158.75154,187.36727
2026-04-14 12:00:00,1.18042,158.72366,187.36303
2026-04-14 13:00:00,1.17993,158.85798,187.44186
2026-04-14 14:00:00,1.18095,158.73413,187.45481
2026-04-14 15:00:00,1.17911,158.91735,187.37803
2026-04-14 16:00:00,1.17952,158.83314,187.34061
2026-04-14 17:00:00,1.17967,158.73089,187.24184
2026-04-14 18:00:00,1.17936,158.83102,187.30986
2026-04-14 19:00:00,1.17924,158.86543,187.33176
2026-04-14 20:00:00,1.1796,158.81164,187.32439
2026-04-14 21:00:00,1.17927,158.83418,187.30013
2026-04-14 22:00:00,1.17958,158.8421,187.35858
2026-04-14 23:00:00,1.1799,158.80788,187.37136
2026-04-15 00:00:00,1.17947,158.80832,187.30432
2026-04-15 01:00:00,1.17908,158.92197,187.37815
2026-04-15 02:00:00,1.17832,159.04908,187.40917
2026-04-15 03:00:00,1.17878,158.99401,187.41914
2026-04-15 04:00:00,1.17888,158.99085,187.43335
2026-04-15 05:00:00,1.17928,158.95464,187.45545
2026-04-15 06:00:00,1.17861,159.01667,187.42322
2026-04-15 07:00:00,1.17855,158.95382,187.34101
2026-04-15 08:00:00,1.17905,158.78032,187.21601
2026-04-15 09:00:00,1.17819,158.8989,187.21849
2026-04-15 10:00:00,1.17779,158.95967,187.22704
2026-04-15 11:00:00,1.17828,159.02858,187.38501
2026-04-15 12:00:00,1.17892,159.10583,187.57645
2026-04-15 13:00:00,1.17885,159.03268,187.47577
2026-04-15 14:00:00,1.17976,158.98744,187.56628
2026-04-15 15:00:00,1.17999,159.02238,187.64174
2026-04-15 16:00:00,1.1802,158.8937,187.52136
2026-04-15 17:00:00,1.17956,159.10894,187.67318
2026-04-15 18:00:00,1.18012,159.03247,187.67021
2026-04-15 19:00:00,1.18013,158.97968,187.60769
2026-04-15 20:00:00,1.17998,158.98396,187.58855
2026-04-15 21:00:00,1.1799,158.96952,187.55991
2026-04-15 22:00:00,1.18031,158.8708,187.50944
2026-04-15 23:00:00,1.18071,158.8218,187.51583
2026-04-16 00:00:00,1.18073,158.74377,187.42934
2026-04-16 01:00:00,1.18024,158.76442,187.37747
2026-04-16 02:00:00,1.18174,158.53982,187.3527
2026-04-16 03:00:00,1.18132,158.66655,187.43836
2026-04-16 04:00:00,1.181,158.71447,187.44546
2026-04-16 05:00:00,1.18049,158.85236,187.52745
2026-04-16 06:00:00,1.18039,158.77066,187.41766
2026-04-16 07:00:00,1.17934,158.86724,187.36483
2026-04-16 08:00:00,1.17867,158.98083,187.39264
2026-04-16 09:00:00,1.17798,159.04483,187.35775
2026-04-16 10:00:00,1.17801,159.02474,187.33754
2026-04-16 11:00:00,1.17843,158.96793,187.33599
2026-04-16 12:00:00,1.17827,159.10451,187.46955
2026-04-16 13:00:00,1.17703,159.26033,187.45465
2026-04-16 14:00:00,1.17723,159.26475,187.49021
2026-04-16 15:00:00,1.17816,159.10082,187.44296
2026-04-16 16:00:00,1.17753,159.1959,187.45346
2026-04-16 17:00:00,1.17734,159.26222,187.49873
2026-04-16 18:00:00,1.17806,159.22686,187.57153
2026-04-16 19:00:00,1.17819,159.14535,187.4953
2026-04-16 20:00:00,1.17827,159.15489,187.51915
2026-04-16 21:00:00,1.17813,159.15617,187.49849
2026-04-16 22:00:00,1.1786,159.11966,187.53006
2026-04-16 23:00:00,1.17813,159.21756,187.57299
2026-04-17 00:00:00,1.17798,159.34005,187.69408
2026-04-17 01:00:00,1.17761,159.36856,187.66982
2026-04-17 02:00:00,1.17777,159.38082,187.71153
2026-04-17 03:00:00,1.1784,159.39321,187.82788
2026-04-17 04:00:00,1.17829,159.4707,187.90358
2026-04-17 05:00:00,1.17818,159.48244,187.90088
2026-04-17 06:00:00,1.17752,159.39184,187.69119
2026-04-17 07:00:00,1.17826,159.30298,187.70607
2026-04-17 08:00:00,1.17943,159.15262,187.7155
2026-04-17 09:00:00,1.17937,159.04823,187.58197
2026-04-17 10:00:00,1.17946,159.16918,187.7385
2026-04-17 11:00:00,1.17946,159.17889,187.749
2026-04-17 12:00:00,1.18336,158.47993,187.53826
2026-04-17 13:00:00,1.18343,158.2125,187.23061
2026-04-17 14:00:00,1.18151,157.84629,186.48939
2026-04-17 15:00:00,1.18013,158.12089,186.59509
2026-04-17 16:00:00,1.17995,158.05827,186.49116
2026-04-17 17:00:00,1.17957,158.17153,186.56528
2026-04-17 18:00:00,1.17802,158.43421,186.62854
2026-04-17 19:00:00,1.17686,158.57537,186.61233
2026-04-17 20:00:00,1.17646,158.62356,186.60573
2026-04-17 21:00:00,1.17774,158.21396,186.33003
2026-04-17 22:00:00,1.17919,158.36181,186.73389
2026-04-17 23:00:00,1.17941,158.35039,186.75664
2026-04-18 00:00:00,1.17632,158.65841,186.63171
2026-04-18 01:00:00,1.17631,158.65824,186.63245
2026-04-18 02:00:00,1.1764,158.65719,186.64714
2026-04-18 03:00:00,1.17626,158.63498,186.60146
2026-04-18 04:00:00,1.17632,158.62479,186.59987
2026-04-18 05:00:00,1.1763,158.62551,186.59873
2026-04-18 06:00:00,1.1763,158.62514,186.59788
2026-04-18 07:00:00,1.17634,158.62535,186.60398
2026-04-18 08:00:00,1.17633,158.62435,186.59907
2026-04-18 09:00:00,1.17633,158.62489,186.59912
2026-04-18 10:00:00,1.17639,158.62644,186.60832
2026-04-18 11:00:00,1.17684,158.62504,186.67575
2026-04-18 12:00:00,1.17698,158.63138,186.70333
2026-04-18 13:00:00,1.17728,158.5982,186.71031
2026-04-18 14:00:00,1.17716,158.62052,186.71541
2026-04-18 15:00:00,1.17735,158.60203,186.72264
2026-04-18 16:00:00,1.17653,158.58469,186.57001
2026-04-18 17:00:00,1.1769,158.61118,186.66017
2026-04-18 18:00:00,1.17688,158.55869,186.59468
2026-04-18 19:00:00,1.17691,158.51164,186.5452
2026-04-18 20:00:00,1.17727,158.56643,186.66709
2026-04-18 21:00:00,1.17707,158.54455,186.61118
2026-04-18 22:00:00,1.17695,158.50357,186.54685
2026-04-18 23:00:00,1.17729,158.51088,186.61143
2026-04-19 00:00:00,1.17702,158.60544,186.68086
2026-04-19 01:00:00,1.1772,158.60388,186.71068
2026-04-19 02:00:00,1.17721,158.59047,186.69842
2026-04-19 03:00:00,1.17724,158.60423,186.72053
2026-04-19 04:00:00,1.17738,158.59797,186.73571
2026-04-19 05:00:00,1.17735,158.60895,186.74441
2026-04-19 06:00:00,1.17719,158.60397,186.71376
2026-04-19 07:00:00,1.17738,158.59012,186.7268
2026-04-19 08:00:00,1.17735,158.61118,186.74627
2026-04-19 09:00:00,1.17733,158.62329,186.75551
2026-04-19 10:00:00,1.17734,158.64497,186.78085
2026-04-19 11:00:00,1.17599,158.64332,186.56136
2026-04-19 12:00:00,1.17664,158.64475,186.66445
2026-04-19 13:00:00,1.17589,158.64442,186.54366
2026-04-19 14:00:00,1.17588,158.6589,186.55762
2026-04-19 15:00:00,1.17635,158.64936,186.61821
2026-04-19 16:00:00,1.17555,158.59195,186.42267
2026-04-19 17:00:00,1.17666,158.23741,186.18169
2026-04-19 18:00:00,1.17669,158.58534,186.5957
2026-04-19 19:00:00,1.17376,158.80732,186.39299
2026-04-19 20:00:00,1.17416,158.79069,186.43804
2026-04-19 21:00:00,1.17326,158.90212,186.42777
2026-04-19 22:00:00,1.17401,159.00856,186.67229
2026-04-19 23:00:00,1.1739,159.1717,186.84851
2026-04-20 00:00:00,1.17552,158.99595,186.90157
2026-04-20 01:00:00,1.17575,158.86366,186.78528
2026-04-20 02:00:00,1.17567,158.88892,186.80352
2026-04-20 03:00:00,1.17603,158.88706,186.86121
2026-04-20 04:00:00,1.17593,158.90171,186.863
2026-04-20 05:00:00,1.17534,158.94962,186.82653
2026-04-20 06:00:00,1.17633,158.88857,186.91149
2026-04-20 07:00:00,1.17584,159.00442,186.97074
2026-04-20 08:00:00,1.17618,158.984,186.9992
2026-04-20 09:00:00,1.17653,158.93715,186.99812
2026-04-20 10:00:00,1.17709,158.92139,187.06767
2026-04-20 11:00:00,1.17681,158.83771,186.92102
2026-04-20 12:00:00,1.17639,158.89398,186.91947
2026-04-20 13:00:00,1.17765,158.62923,186.80484
2026-04-20 14:00:00,1.17716,158.74812,186.86516
2026-04-20 15:00:00,1.17854,158.66809,186.98933
2026-04-20 16:00:00,1.17853,158.67682,186.99683
2026-04-20 17:00:00,1.17833,158.75638,187.0585
2026-04-20 18:00:00,1.17804,158.90941,187.19278
2026-04-20 19:00:00,1.17863,158.84914,187.21586
2026-04-20 20:00:00,1.17877,158.82886,187.2142
2026-04-20 21:00:00,1.17863,158.75768,187.11066
2026-04-20 22:00:00,1.17899,158.78943,187.20562
2026-04-20 23:00:00,1.17844,158.85839,187.20256
2026-04-21 00:00:00,1.17833,158.9633,187.30967
2026-04-21 01:00:00,1.17805,158.95808,187.26076
2026-04-21 02:00:00,1.178,158.9524,187.24885
2026-04-21 03:00:00,1.17756,158.98695,187.22151
2026-04-21 04:00:00,1.17757,158.95861,187.18996
2026-04-21 05:00:00,1.17791,158.91595,187.19461
2026-04-21 06:00:00,1.17755,158.81581,187.0206
2026-04-21 07:00:00,1.17652,159.00105,187.07373
2026-04-21 08:00:00,1.17646,159.19137,187.28806
2026-04-21 09:00:00,1.17607,159.19584,187.2293
2026-04-21 10:00:00,1.17607,159.20295,187.23704
2026-04-21 11:00:00,1.17677,159.05527,187.17141
2026-04-21 12:00:00,1.17591,159.19987,187.20408
2026-04-21 13:00:00,1.17672,159.08862,187.19894
2026-04-21 14:00:00,1.17533,159.38008,187.31932
2026-04-21 15:00:00,1.17518,159.4048,187.3238
2026-04-21 16:00:00,1.17425,159.46246,187.24087
2026-04-21 17:00:00,1.17435,159.33998,187.11166
2026-04-21 18:00:00,1.17398,159.4031,187.12729
2026-04-21 19:00:00,1.17259,159.62361,187.16403
2026-04-21 20:00:00,1.17438,159.3956,187.18354
2026-04-21 21:00:00,1.17401,159.41446,187.14768
2026-04-21 22:00:00,1.17392,159.41483,187.13433
2026-04-21 23:00:00,1.17441,159.38171,187.17515
2026-04-22 00:00:00,1.17445,159.29293,187.07998
2026-04-22 01:00:00,1.17444,159.26902,187.0528
2026-04-22 02:00:00,1.17409,159.36081,187.10569
2026-04-22 03:00:00,1.1739,159.39699,187.12017
2026-04-22 04:00:00,1.17396,159.34913,187.07414
2026-04-22 05:00:00,1.17517,159.22243,187.1198
2026-04-22 06:00:00,1.17501,159.1456,187.00337
2026-04-22 07:00:00,1.17559,159.23367,187.20008
2026-04-22 08:00:00,1.17539,159.36049,187.31631
2026-04-22 09:00:00,1.17479,159.34361,187.19861
2026-04-22 10:00:00,1.17519,159.22571,187.12279
2026-04-22 11:00:00,1.17341,159.26058,186.87749
2026-04-22 12:00:00,1.17291,159.35493,186.90699
2026-04-22 13:00:00,1.17406,159.18739,186.8911
2026-04-22 14:00:00,1.17197,159.38754,186.79077
2026-04-22 15:00:00,1.17143,159.49657,186.83128
2026-04-22 16:00:00,1.17129,159.51174,186.82715
2026-04-22 17:00:00,1.17113,159.45191,186.73016
2026-04-22 18:00:00,1.17093,159.48888,186.74163
2026-04-22 19:00:00,1.17057,159.55231,186.7597
2026-04-22 20:00:00,1.17066,159.47784,186.68782
2026-04-22 21:00:00,1.17087,159.4645,186.70661
2026-04-22 22:00:00,1.17067,159.48971,186.70535
2026-04-22 23:00:00,1.17058,159.4924,186.69732
2026-04-23 00:00:00,1.1712,159.3321,186.61026
2026-04-23 01:00:00,1.17091,159.39005,186.63328
2026-04-23 02:00:00,1.16978,159.54794,186.63861
2026-04-23 03:00:00,1.16954,159.54805,186.60223
2026-04-23 04:00:00,1.17002,159.54909,186.68104
2026-04-23 05:00:00,1.17064,159.54551,186.7766
2026-04-23 06:00:00,1.1704,159.6566,186.86808
2026-04-23 07:00:00,1.17017,159.60628,186.77192
2026-04-23 08:00:00,1.1702,159.69383,186.87743
2026-04-23 09:00:00,1.16937,159.73555,186.7935
2026-04-23 10:00:00,1.1683,159.71144,186.59073
2026-04-23 11:00:00,1.16916,159.54886,186.53679
2026-04-23 12:00:00,1.16921,159.52229,186.51208
2026-04-23 13:00:00,1.16931,159.57534,186.58842
2026-04-23 14:00:00,1.17111,159.40075,186.66967
2026-04-23 15:00:00,1.17056,159.43487,186.62026
2026-04-23 16:00:00,1.17025,159.47352,186.61599
2026-04-23 17:00:00,1.16927,159.57802,186.58225
2026-04-23 18:00:00,1.16902,159.61728,186.5875
2026-04-23 19:00:00,1.1687,159.69928,186.63319
2026-04-23 20:00:00,1.16831,159.74873,186.62994
2026-04-23 21:00:00,1.16862,159.66682,186.58502
2026-04-23 22:00:00,1.16864,159.7102,186.6403
2026-04-23 23:00:00,1.16836,159.77203,186.66917
2026-04-24 00:00:00,1.16854,159.79466,186.72628
2026-04-24 01:00:00,1.16884,159.76598,186.74222
2026-04-24 02:00:00,1.1679,159.77749,186.607
2026-04-24 03:00:00,1.16781,159.79956,186.62022
2026-04-24 04:00:00,1.1679,159.77834,186.61065
2026-04-24 05:00:00,1.16824,159.76854,186.65327
2026-04-24 06:00:00,1.16786,159.6879,186.49867
2026-04-24 07:00:00,1.16924,159.66007,186.68622
2026-04-24 08:00:00,1.16895,159.72765,186.7174
2026-04-24 09:00:00,1.16866,159.74601,186.69104
2026-04-24 10:00:00,1.17033,159.65635,186.85129
2026-04-24 11:00:00,1.17154,159.43239,186.77955
2026-04-24 12:00:00,1.17092,159.54504,186.81079
2026-04-24 13:00:00,1.17069,159.608,186.84646
2026-04-24 14:00:00,1.17063,159.50887,186.71936
2026-04-24 15:00:00,1.17173,159.37203,186.73322
2026-04-24 16:00:00,1.17196,159.35306,186.74592
2026-04-24 17:00:00,1.17144,159.41974,186.74148
2026-04-24 18:00:00,1.17184,159.43178,186.81942
2026-04-24 19:00:00,1.17189,159.42356,186.81991
2026-04-24 20:00:00,1.17191,159.3729,186.7649
2026-04-24 21:00:00,1.1722,159.36155,186.79928
2026-04-24 22:00:00,1.17224,159.33932,186.78089
2026-04-24 23:00:00,1.17225,159.3381,186.78351
2026-04-25 00:00:00,1.17172,159.34344,186.70817
2026-04-25 01:00:00,1.17172,159.34257,186.70843
2026-04-25 02:00:00,1.17179,159.34396,186.72223
2026-04-25 03:00:00,1.17171,159.33932,186.70556
2026-04-25 04:00:00,1.1717,159.34992,186.71623
2026-04-25 05:00:00,1.1717,159.34941,186.7164
2026-04-25 06:00:00,1.17172,159.34884,186.71688
2026-04-25 07:00:00,1.17177,159.35044,186.7262
2026-04-25 08:00:00,1.17173,159.34891,186.71646
2026-04-25 09:00:00,1.17172,159.34911,186.71459
2026-04-25 10:00:00,1.17175,159.34979,186.71749
2026-04-25 11:00:00,1.17187,159.35252,186.73812
2026-04-25 12:00:00,1.17211,159.35918,186.78203
2026-04-25 13:00:00,1.17199,159.36065,186.76295
2026-04-25 14:00:00,1.17173,159.36327,186.72355
2026-04-25 15:00:00,1.17181,159.37873,186.75304
2026-04-25 16:00:00,1.17193,159.36172,186.75136
2026-04-25 17:00:00,1.1721,159.36999,186.78846
2026-04-25 18:00:00,1.17213,159.36495,186.7884
2026-04-25 19:00:00,1.17199,159.38631,186.79228
2026-04-25 20:00:00,1.17222,159.37383,186.81557
2026-04-25 21:00:00,1.17207,159.3704,186.7889
2026-04-25 22:00:00,1.17199,159.38853,186.79976
2026-04-25 23:00:00,1.17206,159.37697,186.79891
2026-04-26 00:00:00,1.17215,159.36938,186.80705
2026-04-26 01:00:00,1.17224,159.36153,186.81415
2026-04-26 02:00:00,1.17215,159.35379,186.7913
2026-04-26 03:00:00,1.17221,159.35877,186.80802
2026-04-26 04:00:00,1.17218,159.35657,186.80053
2026-04-26 05:00:00,1.17223,159.36264,186.81629
2026-04-26 06:00:00,1.17215,159.36006,186.7988
2026-04-26 07:00:00,1.17222,159.35246,186.80084
2026-04-26 08:00:00,1.17227,159.36027,186.81568
2026-04-26 09:00:00,1.17196,159.36721,186.77327
2026-04-26 10:00:00,1.17197,159.36762,186.77253
2026-04-26 11:00:00,1.17185,159.16722,186.51531
2026-04-26 12:00:00,1.17185,159.16784,186.5148
2026-04-26 13:00:00,1.1717,159.08609,186.39294
2026-04-26 14:00:00,1.17294,159.34168,186.89013
2026-04-26 15:00:00,1.17212,158.99199,186.34823
2026-04-26 16:00:00,1.17161,158.89949,186.1594
2026-04-26 17:00:00,1.17165,159.05864,186.3528
2026-04-26 18:00:00,1.17193,159.35367,186.74356
2026-04-26 19:00:00,1.17056,159.52813,186.73076
2026-04-26 20:00:00,1.16981,159.57647,186.66934
2026-04-26 21:00:00,1.17085,159.56455,186.8217
2026-04-26 22:00:00,1.1708,159.57372,186.82628
2026-04-26 23:00:00,1.17058,159.58967,186.81312
2026-04-27 00:00:00,1.17159,159.47752,186.84467
2026-04-27 01:00:00,1.17245,159.32301,186.80239
2026-04-27 02:00:00,1.17273,159.30242,186.82427
2026-04-27 03:00:00,1.173,159.22876,186.78071
2026-04-27 04:00:00,1.17269,159.24547,186.75153
2026-04-27 05:00:00,1.17229,159.40621,186.87658
2026-04-27 06:00:00,1.1729,159.26953,186.81159
2026-04-27 07:00:00,1.17445,159.22231,187.002
2026-04-27 08:00:00,1.17493,159.1444,186.98525
2026-04-27 09:00:00,1.17428,159.2286,186.98016
2026-04-27 10:00:00,1.17465,159.15381,186.94835
2026-04-27 11:00:00,1.17411,159.20355,186.91933
2026-04-27 12:00:00,1.17453,159.22108,187.00512
2026-04-27 13:00:00,1.17386,159.27235,186.95625
2026-04-27 14:00:00,1.17365,159.22537,186.86623
2026-04-27 15:00:00,1.17311,159.30454,186.87216
2026-04-27 16:00:00,1.17279,159.38088,186.91208
2026-04-27 17:00:00,1.17242,159.38322,186.85521
2026-04-27 18:00:00,1.17201,159.45476,186.87538
2026-04-27 19:00:00,1.17211,159.42736,186.85954
2026-04-27 20:00:00,1.1721,159.42995,186.86287
2026-04-27 21:00:00,1.17214,159.42664,186.86689
2026-04-27 22:00:00,1.17228,159.41112,186.87343
2026-04-27 23:00:00,1.17229,159.37268,186.83217
2026-04-28 00:00:00,1.17192,159.47214,186.89105
2026-04-28 01:00:00,1.17132,159.53949,186.87529
2026-04-28 02:00:00,1.17085,159.52168,186.78056
2026-04-28 03:00:00,1.1714,159.06462,186.33424
2026-04-28 04:00:00,1.17123,159.07517,186.31908
2026-04-28 05:00:00,1.17063,159.20542,186.37494
2026-04-28 06:00:00,1.16883,159.335,186.23864
2026-04-28 07:00:00,1.16986,159.53243,186.6328
2026-04-28 08:00:00,1.17023,159.49435,186.64631
2026-04-28 09:00:00,1.16928,159.58044,186.59375
2026-04-28 10:00:00,1.16933,159.6363,186.66572
2026-04-28 11:00:00,1.16842,159.77232,186.67742
2026-04-28 12:00:00,1.16973,159.46147,186.52071
2026-04-28 13:00:00,1.16981,159.51512,186.59457
2026-04-28 14:00:00,1.16997,159.73876,186.88213
2026-04-28 15:00:00,1.17139,159.54277,186.87814
2026-04-28 16:00:00,1.17109,159.56736,186.85988
2026-04-28 17:00:00,1.17136,159.55627,186.88886
2026-04-28 18:00:00,1.17123,159.62149,186.94554
2026-04-28 19:00:00,1.17097,159.66967,186.96235
2026-04-28 20:00:00,1.17132,159.62029,186.96181
2026-04-28 21:00:00,1.17133,159.57784,186.91567
2026-04-28 22:00:00,1.1716,159.57471,186.95648
2026-04-28 23:00:00,1.17177,159.56071,186.96967
2026-04-29 00:00:00,1.17169,159.53617,186.92942
2026-04-29 01:00:00,1.17115,159.61346,186.93466
2026-04-29 02:00:00,1.17079,159.61259,186.87805
2026-04-29 03:00:00,1.1706,159.60874,186.8439
2026-04-29 04:00:00,1.17057,159.62625,186.85873
2026-04-29 05:00:00,1.17013,159.69474,186.8694
2026-04-29 06:00:00,1.16997,159.64944,186.78957
2026-04-29 07:00:00,1.17063,159.66284,186.90923
2026-04-29 08:00:00,1.17009,159.77084,186.94831
2026-04-29 09:00:00,1.16976,159.83133,186.96418
2026-04-29 10:00:00,1.17073,159.76339,187.03837
2026-04-29 11:00:00,1.17018,159.84104,187.03921
2026-04-29 12:00:00,1.16992,159.96664,187.14375
2026-04-29 13:00:00,1.16882,160.1824,187.21963
2026-04-29 14:00:00,1.17011,160.10914,187.33901
2026-04-29 15:00:00,1.16949,160.23529,187.38671
2026-04-29 16:00:00,1.1685,160.31239,187.31818
2026-04-29 17:00:00,1.16878,160.25911,187.30115
2026-04-29 18:00:00,1.16723,160.37127,187.18421
2026-04-29 19:00:00,1.16765,160.39543,187.27983
2026-04-29 20:00:00,1.16755,160.44656,187.32401
2026-04-29 21:00:00,1.16742,160.41166,187.26407
2026-04-29 22:00:00,1.1678,160.34392,187.24646
2026-04-29 23:00:00,1.16852,160.20133,187.1973
2026-04-30 00:00:00,1.16794,160.30341,187.22608
2026-04-30 01:00:00,1.16747,160.23815,187.07582
2026-04-30 02:00:00,1.16665,160.35793,187.08445
2026-04-30 03:00:00,1.1666,160.43099,187.16191
2026-04-30 04:00:00,1.16601,160.55132,187.20757
2026-04-30 05:00:00,1.16598,160.63599,187.30137
2026-04-30 06:00:00,1.16699,160.63009,187.45668
2026-04-30 07:00:00,1.1679,160.17402,187.07063
2026-04-30 08:00:00,1.16785,159.55025,186.33064
2026-04-30 09:00:00,1.16955,159.36246,186.38077
2026-04-30 10:00:00,1.17145,157.17982,184.12184
2026-04-30 11:00:00,1.17057,156.30491,182.96389
2026-04-30 12:00:00,1.16939,156.81339,183.37325
2026-04-30 13:00:00,1.1694,156.92096,183.50133
2026-04-30 14:00:00,1.17307,156.67364,183.7878
2026-04-30 15:00:00,1.17296,156.67362,183.77251
2026-04-30 16:00:00,1.17262,156.57008,183.59794
2026-04-30 17:00:00,1.17264,156.491,183.50909
2026-04-30 18:00:00,1.17387,156.40328,183.59961
2026-04-30 19:00:00,1.17368,156.54967,183.7422
2026-04-30 20:00:00,1.17323,156.62545,183.75953
2026-04-30 21:00:00,1.17343,156.58998,183.7495
2026-04-30 22:00:00,1.17315,156.67996,183.81052
2026-04-30 23:00:00,1.17292,157.01444,184.1672
2026-05-01 00:00:00,1.17288,157.08517,184.24332
2026-05-01 01:00:00,1.1731,157.16342,184.36992
2026-05-01 02:00:00,1.17328,157.27665,184.53016
2026-05-01 03:00:00,1.17313,157.23198,184.45155
2026-05-01 04:00:00,1.1727,157.27716,184.43656
2026-05-01 05:00:00,1.17223,157.28552,184.37138
2026-05-01 06:00:00,1.17398,155.78546,182.88762
2026-05-01 07:00:00,1.17335,156.69103,183.84868
2026-05-01 08:00:00,1.17438,156.53252,183.82337
2026-05-01 09:00:00,1.17324,156.60608,183.73252
2026-05-01 10:00:00,1.1744,156.60295,183.91019
2026-05-01 11:00:00,1.17515,156.57572,183.99612
2026-05-01 12:00:00,1.1759,156.59635,184.13787
2026-05-01 13:00:00,1.17602,156.53521,184.08683
2026-05-01 14:00:00,1.17685,156.65653,184.35967
2026-05-01 15:00:00,1.17567,156.77133,184.31165
2026-05-01 16:00:00,1.17408,156.92004,184.23848
2026-05-01 17:00:00,1.17329,156.93207,184.12918
2026-05-01 18:00:00,1.17282,157.01169,184.14975
2026-05-01 19:00:00,1.17193,157.07642,184.08608
2026-05-01 20:00:00,1.17195,157.06932,184.08005
2026-05-01 21:00:00,1.17229,157.08933,184.15802
2026-05-01 22:00:00,1.17218,157.07993,184.12818
2026-05-01 23:00:00,1.17217,157.08032,184.1274
2026-05-02 00:00:00,1.17198,157.07987,184.09578
2026-05-02 01:00:00,1.17197,157.08036,184.09369
2026-05-02 02:00:00,1.17202,157.08026,184.09982
2026-05-02 03:00:00,1.17199,157.07918,184.09227
2026-05-02 04:00:00,1.17199,157.08224,184.09471
2026-05-02 05:00:00,1.17203,157.0827,184.10032
2026-05-02 06:00:00,1.17198,157.08865,184.09971
2026-05-02 07:00:00,1.17204,157.08479,184.10323
2026-05-02 08:00:00,1.17201,157.08323,184.0972
2026-05-02 09:00:00,1.17201,157.07979,184.09313
2026-05-02 10:00:00,1.17204,157.08322,184.10214
2026-05-02 11:00:00,1.1723,157.08284,184.14401
2026-05-02 12:00:00,1.17221,157.08,184.12618
2026-05-02 13:00:00,1.17223,157.06029,184.10777
2026-05-02 14:00:00,1.17203,157.0864,184.10824
2026-05-02 15:00:00,1.17214,157.0788,184.11891
2026-05-02 16:00:00,1.17202,157.09016,184.11319
2026-05-02 17:00:00,1.17202,157.07954,184.10208
2026-05-02 18:00:00,1.17209,157.07913,184.11374
2026-05-02 19:00:00,1.17225,157.0789,184.13924
2026-05-02 20:00:00,1.17232,157.07765,184.14929
2026-05-02 21:00:00,1.17205,157.07886,184.10786
2026-05-02 22:00:00,1.17222,157.07914,184.13464
2026-05-02 23:00:00,1.17206,157.07944,184.10868
2026-05-03 00:00:00,1.17213,157.08219,184.12101
2026-05-03 01:00:00,1.17204,157.07596,184.09872
2026-05-03 02:00:00,1.1721,157.08119,184.11261
2026-05-03 03:00:00,1.17225,157.08183,184.13719
2026-05-03 04:00:00,1.17223,157.08193,184.13188
2026-05-03 05:00:00,1.17234,157.08219,184.14935
2026-05-03 06:00:00,1.17231,157.08236,184.14421
2026-05-03 07:00:00,1.17227,157.08334,184.13748
2026-05-03 08:00:00,1.17237,157.08185,184.15236
2026-05-03 09:00:00,1.17247,157.07998,184.16493
2026-05-03 10:00:00,1.17247,157.07884,184.16463
2026-05-03 11:00:00,1.17239,156.86691,183.90608
2026-05-03 12:00:00,1.17269,156.76185,183.83143
2026-05-03 13:00:00,1.17266,156.72316,183.78134
2026-05-03 14:00:00,1.17232,156.99245,184.04456
2026-05-03 15:00:00,1.17272,156.76976,183.84772
2026-05-03 16:00:00,1.17206,157.07969,184.10799
2026-05-03 17:00:00,1.17215,157.02691,184.06157
2026-05-03 18:00:00,1.17232,157.08347,184.15533
2026-05-03 19:00:00,1.1748,156.93021,184.36515
2026-05-03 20:00:00,1.17326,156.87838,184.06256
2026-05-03 21:00:00,1.17416,156.74415,184.04446
2026-05-03 22:00:00,1.17325,156.83684,184.01061
2026-05-03 23:00:00,1.17261,156.86836,183.94631
2026-05-04 00:00:00,1.17266,156.92066,184.01486
2026-05-04 01:00:00,1.17241,157.07733,184.15809
2026-05-04 02:00:00,1.17279,157.13343,184.28357
2026-05-04 03:00:00,1.17374,156.12902,183.25189
2026-05-04 04:00:00,1.17289,156.76782,183.86677
2026-05-04 05:00:00,1.17316,156.76278,183.90206
2026-05-04 06:00:00,1.173,156.90255,184.04117
2026-05-04 07:00:00,1.17209,156.86584,183.85577
2026-05-04 08:00:00,1.17197,156.96437,183.95178
2026-05-04 09:00:00,1.17179,156.98727,183.95026
2026-05-04 10:00:00,1.17045,157.14047,183.9208
2026-05-04 11:00:00,1.16947,157.18257,183.81611
2026-05-04 12:00:00,1.1712,157.12661,184.02396
2026-05-04 13:00:00,1.17145,157.03147,183.95238
2026-05-04 14:00:00,1.17086,157.07589,183.9129
2026-05-04 15:00:00,1.1699,157.21144,183.92254
2026-05-04 16:00:00,1.16823,157.28761,183.74856
2026-05-04 17:00:00,1.16946,157.21995,183.86418
2026-05-04 18:00:00,1.16927,157.08731,183.67991
2026-05-04 19:00:00,1.16949,157.10554,183.73627
2026-05-04 20:00:00,1.16915,157.25649,183.85832
2026-05-04 21:00:00,1.16895,157.15582,183.71004
2026-05-04 22:00:00,1.16903,157.23982,183.8195
2026-05-04 23:00:00,1.1692,157.19706,183.79513
2026-05-05 00:00:00,1.16867,157.21665,183.73376
2026-05-05 01:00:00,1.16864,157.21884,183.73057
2026-05-05 02:00:00,1.1688,157.23165,183.77102
2026-05-05 03:00:00,1.1684,157.27069,183.75191
2026-05-05 04:00:00,1.16779,157.30262,183.69299
2026-05-05 05:00:00,1.1682,157.29787,183.75149
2026-05-05 06:00:00,1.16862,157.24033,183.74912
2026-05-05 07:00:00,1.16906,157.23133,183.80782
2026-05-05 08:00:00,1.16888,157.28161,183.83776
2026-05-05 09:00:00,1.16903,157.54834,184.17338
2026-05-05 10:00:00,1.16894,157.62374,184.24739
2026-05-05 11:00:00,1.16892,157.77047,184.41553
2026-05-05 12:00:00,1.1693,157.78427,184.49066
2026-05-05 13:00:00,1.16979,157.79833,184.58058
2026-05-05 14:00:00,1.17048,157.71644,184.58832
2026-05-05 15:00:00,1.17079,157.67792,184.60599
2026-05-05 16:00:00,1.17008,157.79874,184.63219
2026-05-05 17:00:00,1.16986,157.8641,184.67545
2026-05-05 18:00:00,1.17006,157.88615,184.72684
2026-05-05 19:00:00,1.16956,157.87084,184.64054
2026-05-05 20:00:00,1.16931,157.88797,184.62975
2026-05-05 21:00:00,1.16941,157.90272,184.64481
2026-05-05 22:00:00,1.1705,157.74864,184.63948
2026-05-05 23:00:00,1.17158,157.69715,184.75919
2026-05-06 00:00:00,1.17201,157.5871,184.70641
2026-05-06 01:00:00,1.17223,157.68529,184.83861
2026-05-06 02:00:00,1.17172,157.81495,184.91894
2026-05-06 03:00:00,1.17173,157.77926,184.87905
2026-05-06 04:00:00,1.17389,155.70078,182.77336
2026-05-06 05:00:00,1.17328,156.35948,183.44156
2026-05-06 06:00:00,1.17335,156.38123,183.49593
2026-05-06 07:00:00,1.17351,155.95469,183.01366
2026-05-06 08:00:00,1.17643,156.03293,183.55716
2026-05-06 09:00:00,1.17756,155.95983,183.65402
2026-05-06 10:00:00,1.1791,155.70813,183.59269
2026-05-06 11:00:00,1.17714,156.0973,183.73185
2026-05-06 12:00:00,1.17537,156.26497,183.66689
2026-05-06 13:00:00,1.1753,156.12612,183.47472
2026-05-06 14:00:00,1.17565,156.27563,183.7209
2026-05-06 15:00:00,1.17559,156.39443,183.85327
2026-05-06 16:00:00,1.17452,156.42055,183.70895
2026-05-06 17:00:00,1.17483,156.49767,183.86117
2026-05-06 18:00:00,1.17517,156.35509,183.7631
2026-05-06 19:00:00,1.17493,156.40446,183.7596
2026-05-06 20:00:00,1.17489,156.38812,183.74159
2026-05-06 21:00:00,1.17496,156.26549,183.60962
2026-05-06 22:00:00,1.17503,156.35154,183.72286
2026-05-06 23:00:00,1.17481,156.52034,183.87802
2026-05-07 00:00:00,1.17489,156.34242,183.68377
2026-05-07 01:00:00,1.17597,156.20586,183.6972
2026-05-07 02:00:00,1.17567,156.33612,183.80788
2026-05-07 03:00:00,1.1749,156.43758,183.79106
2026-05-07 04:00:00,1.17514,156.38111,183.76805
2026-05-07 05:00:00,1.17514,156.38208,183.76306
2026-05-07 06:00:00,1.17487,156.28499,183.60902
2026-05-07 07:00:00,1.1767,156.26065,183.87245
2026-05-07 08:00:00,1.17703,156.3403,184.01406
2026-05-07 09:00:00,1.17703,156.39107,184.08171
2026-05-07 10:00:00,1.17694,156.39635,184.06147
2026-05-07 11:00:00,1.17689,156.4062,184.06303
2026-05-07 12:00:00,1.17748,156.27221,184.00772
2026-05-07 13:00:00,1.17706,156.35498,184.0288
2026-05-07 14:00:00,1.17773,156.23412,184.01215
2026-05-07 15:00:00,1.17646,156.5052,184.11418
2026-05-07 16:00:00,1.17598,156.64351,184.21125
2026-05-07 17:00:00,1.17485,156.6943,184.08628
2026-05-07 18:00:00,1.17496,156.74411,184.16759
2026-05-07 19:00:00,1.17358,156.86629,184.08828
2026-05-07 20:00:00,1.17243,156.94741,184.00317
2026-05-07 21:00:00,1.1727,156.86856,183.95823
2026-05-07 22:00:00,1.17258,156.88988,183.96496
2026-05-07 23:00:00,1.17306,156.84891,183.99696
2026-05-08 00:00:00,1.1729,156.97571,184.09913
2026-05-08 01:00:00,1.17331,156.90905,184.09323
2026-05-08 02:00:00,1.17288,156.89053,184.00505
2026-05-08 03:00:00,1.17298,156.84025,183.96845
2026-05-08 04:00:00,1.17347,156.86054,184.08104
2026-05-08 05:00:00,1.17387,156.83291,184.10301
2026-05-08 06:00:00,1.17454,156.81698,184.1794
2026-05-08 07:00:00,1.17428,156.84233,184.18657
2026-05-08 08:00:00,1.17625,156.72662,184.33868
2026-05-08 09:00:00,1.17692,156.6989,184.41689
2026-05-08 10:00:00,1.17638,156.76857,184.41367
2026-05-08 11:00:00,1.17653,156.76009,184.42461
2026-05-08 12:00:00,1.17775,156.60778,184.42449
2026-05-08 13:00:00,1.17791,156.53536,184.3818
2026-05-08 14:00:00,1.17757,156.63877,184.44964
2026-05-08 15:00:00,1.17748,156.64645,184.44252
2026-05-08 16:00:00,1.17726,156.67914,184.45587
2026-05-08 17:00:00,1.1774,156.6816,184.46923
2026-05-08 18:00:00,1.17787,156.71732,184.58855
2026-05-08 19:00:00,1.17806,156.71109,184.62226
2026-05-08 20:00:00,1.17842,156.69034,184.66091
2026-05-08 21:00:00,1.17887,156.69687,184.7249
2026-05-08 22:00:00,1.17889,156.6696,184.70171
2026-05-08 23:00:00,1.17888,156.67034,184.70036
2026-05-09 00:00:00,1.17845,156.68154,184.64415
2026-05-09 01:00:00,1.17845,156.68122,184.64525
2026-05-09 02:00:00,1.17846,156.68122,184.64196
2026-05-09 03:00:00,1.17844,156.6824,184.63899
2026-05-09 04:00:00,1.17845,156.68289,184.6386
2026-05-09 05:00:00,1.17846,156.68312,184.63974
2026-05-09 06:00:00,1.17848,156.68345,184.63982
2026-05-09 07:00:00,1.17847,156.68343,184.64658
2026-05-09 08:00:00,1.1785,156.68322,184.6441
2026-05-09 09:00:00,1.1785,156.68254,184.64387
2026-05-09 10:00:00,1.17852,156.68275,184.64689
2026-05-09 11:00:00,1.1788,156.68205,184.69246
2026-05-09 12:00:00,1.17907,156.68943,184.68252
2026-05-09 13:00:00,1.1788,156.74923,184.77075
2026-05-09 14:00:00,1.17829,156.68346,184.61352
2026-05-09 15:00:00,1.17867,156.67964,184.67406
2026-05-09 16:00:00,1.17847,156.67932,184.64336
2026-05-09 17:00:00,1.17904,156.67906,184.67117
2026-05-09 18:00:00,1.17844,156.67886,184.6395
2026-05-09 19:00:00,1.17844,156.67883,184.63896
2026-05-09 20:00:00,1.1787,156.67892,184.67835
2026-05-09 21:00:00,1.17842,156.67922,184.63872
2026-05-09 22:00:00,1.17842,156.67967,184.6374
2026-05-09 23:00:00,1.17866,156.68163,184.67687
2026-05-10 00:00:00,1.17883,156.68121,184.70315
2026-05-10 01:00:00,1.1791,156.6716,184.73597
2026-05-10 02:00:00,1.17842,156.68187,184.63508
2026-05-10 03:00:00,1.17842,156.68256,184.63413
2026-05-10 04:00:00,1.17866,156.683,184.67123
2026-05-10 05:00:00,1.17887,156.68333,184.70408
2026-05-10 06:00:00,1.17909,156.68338,184.73696
2026-05-10 07:00:00,1.17919,156.67425,184.74215
2026-05-10 08:00:00,1.17922,156.68214,184.75549
2026-05-10 09:00:00,1.17924,156.68198,184.75922
2026-05-10 10:00:00,1.17844,156.68155,184.63596
2026-05-10 11:00:00,1.17907,156.67908,184.73066
2026-05-10 12:00:00,1.17939,156.65917,184.75705
2026-05-10 13:00:00,1.17932,156.67031,184.75837
2026-05-10 14:00:00,1.17731,156.68265,184.46414
2026-05-10 15:00:00,1.17884,156.68358,184.70081
2026-05-10 16:00:00,1.17778,156.68013,184.53666
2026-05-10 17:00:00,1.17848,156.68063,184.65147
2026-05-10 18:00:00,1.17845,156.69245,184.66226
2026-05-10 19:00:00,1.17851,156.65982,184.60216
2026-05-10 20:00:00,1.17759,156.61929,184.23103
2026-05-10 21:00:00,1.1764,156.73034,184.3741
2026-05-10 22:00:00,1.17644,156.90416,184.58271
2026-05-10 23:00:00,1.17676,156.8724,184.59859
2026-05-11 00:00:00,1.17698,156.95867,184.72562
2026-05-11 01:00:00,1.17625,157.08748,184.77107
2026-05-11 02:00:00,1.17606,157.14398,184.80788
2026-05-11 03:00:00,1.1757,157.16067,184.77145
2026-05-11 04:00:00,1.17508,157.13713,184.65326
2026-05-11 05:00:00,1.17502,157.14246,184.63506
2026-05-11 06:00:00,1.17679,157.00191,184.75934
2026-05-11 07:00:00,1.17705,157.12415,184.92226
2026-05-11 08:00:00,1.17726,157.09093,184.93941
2026-05-11 09:00:00,1.17679,157.14112,184.92484
2026-05-11 10:00:00,1.17707,157.1337,184.9473
2026-05-11 11:00:00,1.17673,157.13641,184.90178
2026-05-11 12:00:00,1.17721,157.13355,184.98035
2026-05-11 13:00:00,1.17853,157.03267,185.07066
2026-05-11 14:00:00,1.17802,157.0002,184.9546
2026-05-11 15:00:00,1.17814,157.05034,185.02403
2026-05-11 16:00:00,1.17731,157.16238,185.03203
2026-05-11 17:00:00,1.17782,157.12134,185.05768
2026-05-11 18:00:00,1.1776,157.2123,185.12875
2026-05-11 19:00:00,1.17768,157.24754,185.18329
2026-05-11 20:00:00,1.17827,157.22577,185.25749
2026-05-11 21:00:00,1.17846,157.15655,185.20149
2026-05-11 22:00:00,1.17854,157.19534,185.26644
2026-05-11 23:00:00,1.17788,157.24891,185.22203
2026-05-12 00:00:00,1.17684,157.38548,185.2352
2026-05-12 01:00:00,1.17627,157.54252,185.3127
2026-05-12 02:00:00,1.1763,157.59614,185.38914
2026-05-12 03:00:00,1.17551,157.62236,185.30015
2026-05-12 04:00:00,1.17581,157.57964,185.28711
2026-05-12 05:00:00,1.17628,157.35356,185.08729
2026-05-12 06:00:00,1.17515,157.47623,185.04379
2026-05-12 07:00:00,1.17474,157.51142,185.02504
2026-05-12 08:00:00,1.17464,157.61111,185.13647
2026-05-12 09:00:00,1.17488,157.56209,185.10865
2026-05-12 10:00:00,1.17418,157.55864,185.00439
2026-05-12 11:00:00,1.17454,157.57319,185.07052
2026-05-12 12:00:00,1.17485,157.55022,185.08769
2026-05-12 13:00:00,1.17301,157.66534,184.93505
2026-05-12 14:00:00,1.17352,157.63968,184.98448
2026-05-12 15:00:00,1.17334,157.70365,185.04044
2026-05-12 16:00:00,1.17288,157.76354,185.03087
2026-05-12 17:00:00,1.17334,157.70036,185.03025
2026-05-12 18:00:00,1.17411,157.59608,185.03276
2026-05-12 19:00:00,1.17416,157.60537,185.04936
2026-05-12 20:00:00,1.17409,157.61982,185.05316
2026-05-12 21:00:00,1.1739,157.58191,184.9846
2026-05-12 22:00:00,1.17399,157.59833,185.02142
2026-05-12 23:00:00,1.17353,157.67237,185.03915
2026-05-13 00:00:00,1.17381,157.73552,185.14932
2026-05-13 01:00:00,1.17384,157.66757,185.07427
2026-05-13 02:00:00,1.17379,157.65655,185.06027
2026-05-13 03:00:00,1.17348,157.66757,185.02489
2026-05-13 04:00:00,1.17345,157.72255,185.07116
2026-05-13 05:00:00,1.17343,157.69895,185.04984
2026-05-13 06:00:00,1.17189,157.77595,184.90368
2026-05-13 07:00:00,1.17081,157.83154,184.77875
2026-05-13 08:00:00,1.17032,157.81693,184.69076
2026-05-13 09:00:00,1.17063,157.83094,184.75737
2026-05-13 10:00:00,1.1713,157.83307,184.86565
2026-05-13 11:00:00,1.17123,157.77264,184.79771
2026-05-13 12:00:00,1.17017,157.86142,184.71982
2026-05-13 13:00:00,1.17118,157.78004,184.78482
2026-05-13 14:00:00,1.17088,157.86483,184.84651
2026-05-13 15:00:00,1.17123,157.84141,184.86551
2026-05-13 16:00:00,1.17087,157.85952,184.83171
2026-05-13 17:00:00,1.1706,157.90998,184.85489
2026-05-13 18:00:00,1.17091,157.8798,184.86923
2026-05-13 19:00:00,1.17099,157.87075,184.86638
2026-05-13 20:00:00,1.17139,157.88909,184.9555
2026-05-13 21:00:00,1.17157,157.83215,184.91327
2026-05-13 22:00:00,1.17178,157.81283,184.92842
2026-05-13 23:00:00,1.17159,157.85841,184.94869
2026-05-14 00:00:00,1.17172,157.85083,184.95848
2026-05-14 01:00:00,1.17136,157.92129,184.97641
2026-05-14 02:00:00,1.17134,157.92535,184.98082
2026-05-14 03:00:00,1.1713,157.97105,185.03302
2026-05-14 04:00:00,1.17147,157.8638,184.92878
2026-05-14 05:00:00,1.17115,157.90197,184.92494
2026-05-14 06:00:00,1.17187,157.84295,184.97467
2026-05-14 07:00:00,1.17094,157.90136,184.90844
2026-05-14 08:00:00,1.17114,157.89743,184.90798
2026-05-14 09:00:00,1.17092,157.9094,184.89373
2026-05-14 10:00:00,1.17094,157.92558,184.91755
2026-05-14 11:00:00,1.17015,157.966,184.83873
2026-05-14 12:00:00,1.16975,157.97462,184.78664
2026-05-14 13:00:00,1.16925,157.87587,184.57959
2026-05-14 14:00:00,1.16819,158.11795,184.73599
2026-05-14 15:00:00,1.1678,158.09759,184.62509
2026-05-14 16:00:00,1.16753,158.18146,184.67568
2026-05-14 17:00:00,1.16781,158.2016,184.74784
2026-05-14 18:00:00,1.1677,158.19323,184.72077
2026-05-14 19:00:00,1.16709,158.36962,184.83247
2026-05-14 20:00:00,1.16698,158.40024,184.84556
2026-05-14 21:00:00,1.16706,158.3352,184.78907
2026-05-14 22:00:00,1.16701,158.36447,184.81909
2026-05-14 23:00:00,1.16624,158.35719,184.68206
2026-05-15 00:00:00,1.16561,158.46702,184.70936
2026-05-15 01:00:00,1.16471,158.52192,184.63563
2026-05-15 02:00:00,1.16541,158.52052,184.72474
2026-05-15 03:00:00,1.16521,158.4969,184.68211
2026-05-15 04:00:00,1.16475,158.52033,184.63678
2026-05-15 05:00:00,1.16338,158.59477,184.50853
2026-05-15 06:00:00,1.16354,158.4661,184.37557
2026-05-15 07:00:00,1.16381,158.4345,184.40922
2026-05-15 08:00:00,1.16327,158.56814,184.45857
2026-05-15 09:00:00,1.16283,158.50552,184.3131
2026-05-15 10:00:00,1.16514,158.36446,184.51754
2026-05-15 11:00:00,1.16312,158.58253,184.44814
2026-05-15 12:00:00,1.16286,158.57473,184.39757
2026-05-15 13:00:00,1.1624,158.68465,184.45668
2026-05-15 14:00:00,1.16305,158.61225,184.4654
2026-05-15 15:00:00,1.16255,158.72879,184.51842
2026-05-15 16:00:00,1.16296,158.70309,184.55977
2026-05-15 17:00:00,1.16278,158.71871,184.55419
2026-05-15 18:00:00,1.16206,158.72368,184.44356
2026-05-15 19:00:00,1.16205,158.78486,184.51984
2026-05-15 20:00:00,1.16254,158.77675,184.57657
2026-05-15 21:00:00,1.16242,158.73369,184.52694
2026-05-15 22:00:00,1.16245,158.74335,184.53374
2026-05-15 23:00:00,1.16235,158.74349,184.53262
2026-05-16 00:00:00,1.16246,158.76386,184.55916
2026-05-16 01:00:00,1.16247,158.76383,184.55905
2026-05-16 02:00:00,1.16251,158.76612,184.56491
2026-05-16 03:00:00,1.16248,158.73543,184.52364
2026-05-16 04:00:00,1.16249,158.76467,184.56064
2026-05-16 05:00:00,1.16251,158.76689,184.56064
2026-05-16 06:00:00,1.16252,158.76641,184.56224
2026-05-16 07:00:00,1.16251,158.76227,184.56062
2026-05-16 08:00:00,1.16254,158.76702,184.56908
2026-05-16 09:00:00,1.16254,158.76745,184.56867
2026-05-16 10:00:00,1.16254,158.76787,184.56765
2026-05-16 11:00:00,1.16251,158.76835,184.56489
2026-05-16 12:00:00,1.16245,158.7551,184.54072
2026-05-16 13:00:00,1.16246,158.76835,184.5571
2026-05-16 14:00:00,1.16252,158.76839,184.56797
2026-05-16 15:00:00,1.16251,158.75646,184.55391
2026-05-16 16:00:00,1.16252,158.76775,184.56884
2026-05-16 17:00:00,1.16245,158.76709,184.56473
2026-05-16 18:00:00,1.1625,158.75195,184.54885
2026-05-16 19:00:00,1.1625,158.71673,184.5066
2026-05-16 20:00:00,1.16244,158.71026,184.49114
2026-05-16 21:00:00,1.16245,158.76476,184.56154
2026-05-16 22:00:00,1.16239,158.76428,184.5529
2026-05-16 23:00:00,1.16236,158.76749,184.54541
2026-05-17 00:00:00,1.16235,158.76183,184.53909
2026-05-17 01:00:00,1.1624,158.74709,184.5284
2026-05-17 02:00:00,1.1625,158.76393,184.56254
2026-05-17 03:00:00,1.16251,158.76434,184.56203
2026-05-17 04:00:00,1.16242,158.76684,184.54808
2026-05-17 05:00:00,1.16238,158.76504,184.54118
2026-05-17 06:00:00,1.16238,158.76266,184.54249
2026-05-17 07:00:00,1.1624,158.75888,184.5399
2026-05-17 08:00:00,1.16236,158.74733,184.51639
2026-05-17 09:00:00,1.16232,158.7237,184.48187
2026-05-17 10:00:00,1.16252,158.7241,184.51501
2026-05-17 11:00:00,1.16246,158.63343,184.39996
2026-05-17 12:00:00,1.16252,158.63347,184.40951
2026-05-17 13:00:00,1.16246,158.62352,184.38964
2026-05-17 14:00:00,1.16248,158.76868,184.5624
2026-05-17 15:00:00,1.16242,158.76798,184.55306
2026-05-17 16:00:00,1.16244,158.76743,184.55631
2026-05-17 17:00:00,1.1625,158.7672,184.56769
2026-05-17 18:00:00,1.16246,158.72467,184.51428
2026-05-17 19:00:00,1.16246,158.60359,184.363
2026-05-17 20:00:00,1.16245,158.68471,184.46737
2026-05-17 21:00:00,1.1624,158.66593,184.43506
2026-05-17 22:00:00,1.1623,158.79538,184.57691
2026-05-17 23:00:00,1.1614,158.8752,184.51273
2026-05-18 00:00:00,1.1611,158.93847,184.54448
2026-05-18 01:00:00,1.16184,158.9109,184.63334
2026-05-18 02:00:00,1.16157,158.92222,184.59151
2026-05-18 03:00:00,1.16222,159.01714,184.8112
2026-05-18 04:00:00,1.16209,158.98439,184.7525
2026-05-18 05:00:00,1.16226,158.96207,184.74118
2026-05-18 06:00:00,1.16361,158.89115,184.88912
2026-05-18 07:00:00,1.16331,158.91556,184.85458
2026-05-18 08:00:00,1.1642,158.82813,184.89881
2026-05-18 09:00:00,1.1636,158.92962,184.92384
2026-05-18 10:00:00,1.16281,158.92575,184.80071
2026-05-18 11:00:00,1.16413,158.84246,184.90682
2026-05-18 12:00:00,1.16509,158.71289,184.90818
2026-05-18 13:00:00,1.16528,158.7323,184.98463
2026-05-18 14:00:00,1.16432,158.85083,184.94819
2026-05-18 15:00:00,1.16504,158.82517,185.02747
2026-05-18 16:00:00,1.16545,158.92457,185.22055
2026-05-18 17:00:00,1.16498,158.92026,185.13453
2026-05-18 18:00:00,1.16312,159.06118,184.98829
2026-05-18 19:00:00,1.16525,158.87685,185.11535
2026-05-18 20:00:00,1.16564,158.85335,185.1657
2026-05-18 21:00:00,1.16596,158.76987,185.12236
2026-05-18 22:00:00,1.16582,158.83325,185.16961
2026-05-18 23:00:00,1.1655,158.87463,185.1695
2026-05-19 00:00:00,1.16445,159.00429,185.15564
2026-05-19 01:00:00,1.16478,158.9799,185.17333
2026-05-19 02:00:00,1.16434,158.96847,185.09119
2026-05-19 03:00:00,1.16421,158.95771,185.05824
2026-05-19 04:00:00,1.16363,159.00017,185.02272
2026-05-19 05:00:00,1.16423,159.02566,185.14326
2026-05-19 06:00:00,1.16378,159.07264,185.11943
2026-05-19 07:00:00,1.16354,159.05468,185.06866
2026-05-19 08:00:00,1.16238,159.1385,184.98157
2026-05-19 09:00:00,1.16205,159.07907,184.84795
2026-05-19 10:00:00,1.16219,159.11164,184.90594
2026-05-19 11:00:00,1.16189,159.13219,184.88029
2026-05-19 12:00:00,1.1619,159.0461,184.79743
2026-05-19 13:00:00,1.16149,159.04855,184.72405
2026-05-19 14:00:00,1.15992,159.06687,184.48236
2026-05-19 15:00:00,1.16027,159.11088,184.60833
2026-05-19 16:00:00,1.16077,158.81564,184.34032
2026-05-19 17:00:00,1.16116,158.8644,184.46072
2026-05-19 18:00:00,1.16039,159.04572,184.55725
2026-05-19 19:00:00,1.16063,159.03781,184.58826
2026-05-19 20:00:00,1.16071,159.08635,184.65038
2026-05-19 21:00:00,1.16084,159.07274,184.65104
2026-05-19 22:00:00,1.1609,159.0756,184.66746
2026-05-19 23:00:00,1.16069,159.05097,184.59371
2026-05-20 00:00:00,1.16018,159.01709,184.4911
2026-05-20 01:00:00,1.15968,159.05081,184.44113
2026-05-20 02:00:00,1.15986,158.93069,184.33461
2026-05-20 03:00:00,1.16021,158.87968,184.33031
2026-05-20 04:00:00,1.15978,158.97794,184.38031
2026-05-20 05:00:00,1.15952,158.98998,184.35114
2026-05-20 06:00:00,1.15971,158.97641,184.37006
2026-05-20 07:00:00,1.15943,159.04826,184.40004
2026-05-20 08:00:00,1.15914,159.05868,184.35754
2026-05-20 09:00:00,1.15896,159.0704,184.35174
2026-05-20 10:00:00,1.1601,158.99496,184.44878
2026-05-20 11:00:00,1.16009,159.04566,184.5025
2026-05-20 12:00:00,1.15944,159.01202,184.36378
2026-05-20 13:00:00,1.15905,159.09947,184.40701
2026-05-20 14:00:00,1.16193,158.84727,184.56302
2026-05-20 15:00:00,1.1619,158.84839,184.57482
2026-05-20 16:00:00,1.16237,158.85812,184.63697
2026-05-20 17:00:00,1.16193,158.93052,184.66209
2026-05-20 18:00:00,1.16332,158.84046,184.77217
2026-05-20 19:00:00,1.16281,158.86424,184.73296
2026-05-20 20:00:00,1.1626,158.93592,184.77395
2026-05-20 21:00:00,1.16253,158.86206,184.69008
2026-05-20 22:00:00,1.16271,158.8426,184.69474
2026-05-20 23:00:00,1.16255,158.88457,184.70323
2026-05-21 00:00:00,1.16291,158.86963,184.75124
2026-05-21 01:00:00,1.16257,158.89654,184.73512
2026-05-21 02:00:00,1.16191,158.97591,184.71171
2026-05-21 03:00:00,1.16197,158.97518,184.71777
2026-05-21 04:00:00,1.16231,159.00081,184.8066
2026-05-21 05:00:00,1.16224,159.00822,184.80582
2026-05-21 06:00:00,1.16204,159.06024,184.83625
2026-05-21 07:00:00,1.16071,159.03647,184.60258
2026-05-21 08:00:00,1.16229,158.98791,184.78782
2026-05-21 09:00:00,1.16274,158.98186,184.84133
2026-05-21 10:00:00,1.16109,159.11776,184.71954
2026-05-21 11:00:00,1.15975,159.16888,184.60606
2026-05-21 12:00:00,1.15992,159.16079,184.62642
2026-05-21 13:00:00,1.15938,159.21725,184.5824
2026-05-21 14:00:00,1.15946,159.17595,184.56966
2026-05-21 15:00:00,1.15889,159.18802,184.49003
2026-05-21 16:00:00,1.15961,159.15809,184.55459
2026-05-21 17:00:00,1.16252,158.86956,184.67586
2026-05-21 18:00:00,1.16114,159.0777,184.71516
2026-05-21 19:00:00,1.16236,158.89109,184.67625
2026-05-21 20:00:00,1.16179,158.99722,184.71661
2026-05-21 21:00:00,1.16191,158.96862,184.71314
2026-05-21 22:00:00,1.16179,158.99672,184.72182
2026-05-21 23:00:00,1.1617,159.04074,184.76452
2026-05-22 00:00:00,1.16152,159.07505,184.76197
2026-05-22 01:00:00,1.16106,159.1018,184.72301
2026-05-22 02:00:00,1.16115,159.05202,184.68199
2026-05-22 03:00:00,1.1612,159.03686,184.68045
2026-05-22 04:00:00,1.16151,159.0742,184.77363
2026-05-22 05:00:00,1.16088,159.12748,184.72631
2026-05-22 06:00:00,1.16105,159.11172,184.72416
2026-05-22 07:00:00,1.16093,159.13674,184.74297
2026-05-22 08:00:00,1.16077,159.09351,184.66707
2026-05-22 09:00:00,1.16049,159.1167,184.64904
2026-05-22 10:00:00,1.15968,159.13018,184.53661
2026-05-22 11:00:00,1.15966,159.14062,184.5449
2026-05-22 12:00:00,1.16023,159.11233,184.60019
2026-05-22 13:00:00,1.16042,159.12879,184.64323
2026-05-22 14:00:00,1.15994,159.10823,184.54057
2026-05-22 15:00:00,1.16024,159.21181,184.73094
2026-05-22 16:00:00,1.16097,159.18918,184.8131
2026-05-22 17:00:00,1.16144,159.12565,184.81856
2026-05-22 18:00:00,1.16126,159.1339,184.79357
2026-05-22 19:00:00,1.16064,159.16969,184.74631
2026-05-22 20:00:00,1.16031,159.20212,184.72746
2026-05-22 21:00:00,1.16073,159.17797,184.68969
2026-05-22 22:00:00,1.16024,159.17005,184.76298
2026-05-22 23:00:00,1.16087,159.1505,184.66029
2026-05-23 00:00:00,1.16023,159.2088,184.71882
2026-05-23 01:00:00,1.16023,159.20884,184.71851
2026-05-23 02:00:00,1.16023,159.2089,184.72029
2026-05-23 03:00:00,1.16024,159.20944,184.71897
2026-05-23 04:00:00,1.16024,159.20988,184.71891
2026-05-23 05:00:00,1.16025,159.21166,184.7196
2026-05-23 06:00:00,1.16025,159.21113,184.72107
2026-05-23 07:00:00,1.16024,159.21144,184.72037
2026-05-23 08:00:00,1.16025,159.21228,184.72171
2026-05-23 09:00:00,1.16025,159.21282,184.7224
2026-05-23 10:00:00,1.16026,159.21319,184.72416
2026-05-23 11:00:00,1.16026,159.21347,184.72555
2026-05-23 12:00:00,1.16046,159.21276,184.75548
2026-05-23 13:00:00,1.16058,159.21199,184.77567
2026-05-23 14:00:00,1.16047,159.20693,184.75255
2026-05-23 15:00:00,1.16063,159.20229,184.77231
2026-05-23 16:00:00,1.16031,159.21241,184.73596
2026-05-23 17:00:00,1.16028,159.21184,184.74179
2026-05-23 18:00:00,1.16038,159.21279,184.74714
2026-05-23 19:00:00,1.1605,159.21315,184.7677
2026-05-23 20:00:00,1.16024,159.2087,184.72116
2026-05-23 21:00:00,1.16033,159.20923,184.74134
2026-05-23 22:00:00,1.16039,159.20912,184.746
2026-05-23 23:00:00,1.16073,159.20735,184.79861
2026-05-24 00:00:00,1.1608,159.20793,184.80832
2026-05-24 01:00:00,1.16087,159.20153,184.81214
2026-05-24 02:00:00,1.16024,159.20913,184.71885
2026-05-24 03:00:00,1.16028,159.20954,184.72456
2026-05-24 04:00:00,1.16069,159.21199,184.789
2026-05-24 05:00:00,1.16077,159.21126,184.80269
2026-05-24 06:00:00,1.16077,159.21093,184.80503
2026-05-24 07:00:00,1.16087,159.21177,184.81941
2026-05-24 08:00:00,1.16089,159.21236,184.82266
2026-05-24 09:00:00,1.16091,159.21081,184.82387
2026-05-24 10:00:00,1.16091,159.21117,184.82452
2026-05-24 11:00:00,1.16062,159.20424,184.7721
2026-05-24 12:00:00,1.1604,159.20367,184.73683
2026-05-24 13:00:00,1.16013,159.20246,184.69203
2026-05-24 14:00:00,1.16035,159.215,184.74205
2026-05-24 15:00:00,1.16019,159.206,184.7097
2026-05-24 16:00:00,1.16006,159.20328,184.68587
2026-05-24 17:00:00,1.1602,159.21249,184.7196
2026-05-24 18:00:00,1.16268,159.18093,185.04912
2026-05-24 19:00:00,1.16432,158.95974,185.05815
2026-05-24 20:00:00,1.1616,158.94744,184.5907
2026-05-24 21:00:00,1.16343,158.87188,184.84369
2026-05-24 22:00:00,1.16419,158.88413,184.99133
2026-05-24 23:00:00,1.16418,158.96226,185.05762
2026-05-25 00:00:00,1.16366,158.91619,184.90019
2026-05-25 01:00:00,1.16392,158.88124,184.91498
2026-05-25 02:00:00,1.16373,158.8535,184.86252
2026-05-25 03:00:00,1.16372,158.89053,184.90545
2026-05-25 04:00:00,1.16441,158.86524,184.96449
2026-05-25 05:00:00,1.16392,158.93259,184.98619
2026-05-25 06:00:00,1.16403,158.92288,184.9866
2026-05-25 07:00:00,1.16368,158.9944,185.01122
2026-05-25 08:00:00,1.16444,158.93197,185.06017
2026-05-25 09:00:00,1.16412,158.93746,185.01578
2026-05-25 10:00:00,1.16432,158.95268,185.06718
2026-05-25 11:00:00,1.16446,158.93684,185.0679
2026-05-25 12:00:00,1.1648,158.90935,185.09385
2026-05-25 13:00:00,1.16398,158.91869,184.97688
2026-05-25 14:00:00,1.16417,158.92459,185.01461
2026-05-25 15:00:00,1.16428,158.89975,185.00257
2026-05-25 16:00:00,1.1641,158.90631,184.98926
2026-05-25 17:00:00,1.16429,158.90235,185.01364
2026-05-25 18:00:00,1.16428,158.90981,185.02192
2026-05-25 19:00:00,1.1643,158.918,185.02981
2026-05-25 20:00:00,1.16434,158.93242,185.05172
2026-05-25 21:00:00,1.16398,158.89845,184.96099
2026-05-25 22:00:00,1.16411,158.93173,185.0198
2026-05-25 23:00:00,1.16371,158.95862,184.97652
2026-05-26 00:00:00,1.16396,158.96799,185.02831
2026-05-26 01:00:00,1.16334,158.97072,184.93115
2026-05-26 02:00:00,1.16336,158.95818,184.92337
2026-05-26 03:00:00,1.16362,158.9346,184.94786
2026-05-26 04:00:00,1.16314,159.00384,184.93753
2026-05-26 05:00:00,1.16283,159.02883,184.91698
2026-05-26 06:00:00,1.1635,159.10404,185.10911
2026-05-26 07:00:00,1.16382,159.20102,185.27506
2026-05-26 08:00:00,1.16372,159.21739,185.27983
2026-05-26 09:00:00,1.16423,159.17058,185.30571
2026-05-26 10:00:00,1.16432,159.1456,185.29284
2026-05-26 11:00:00,1.16348,159.20051,185.22247
2026-05-26 12:00:00,1.16328,159.22458,185.21936
2026-05-26 13:00:00,1.16247,159.2808,185.15201
2026-05-26 14:00:00,1.1625,159.32297,185.21242
2026-05-26 15:00:00,1.16198,159.37063,185.18312
2026-05-26 16:00:00,1.16236,159.31091,185.17801
2026-05-26 17:00:00,1.16234,159.38022,185.25591
2026-05-26 18:00:00,1.16303,159.33295,185.30156
2026-05-26 19:00:00,1.16315,159.30707,185.30156
2026-05-26 20:00:00,1.16322,159.31182,185.30828
2026-05-26 21:00:00,1.16311,159.29776,185.28609
2026-05-26 22:00:00,1.16334,159.27554,185.29641
2026-05-26 23:00:00,1.16366,159.24386,185.31174
2026-05-27 00:00:00,1.16381,159.27024,185.36312
2026-05-27 01:00:00,1.16343,159.30419,185.33629
2026-05-27 02:00:00,1.16383,159.23384,185.321
2026-05-27 03:00:00,1.1639,159.20869,185.29947
2026-05-27 04:00:00,1.16407,159.24779,185.38221
2026-05-27 05:00:00,1.16397,159.33931,185.46649
2026-05-27 06:00:00,1.16454,159.35707,185.56325
2026-05-27 07:00:00,1.1643,159.35149,185.50395
2026-05-27 08:00:00,1.16451,159.39373,185.60015
2026-05-27 09:00:00,1.16467,159.34876,185.58134
2026-05-27 10:00:00,1.16391,159.39241,185.51322
2026-05-27 11:00:00,1.16369,159.45081,185.5467
2026-05-27 12:00:00,1.16478,159.40333,185.66312
2026-05-27 13:00:00,1.16404,159.40204,185.54393
2026-05-27 14:00:00,1.16261,159.50307,185.43791
2026-05-27 15:00:00,1.16302,159.48989,185.48857
2026-05-27 16:00:00,1.1632,159.50803,185.54197
2026-05-27 17:00:00,1.16279,159.52465,185.49298
2026-05-27 18:00:00,1.16296,159.50434,185.50003
2026-05-27 19:00:00,1.16277,159.54947,185.52421
2026-05-27 20:00:00,1.16258,159.52655,185.46329
2026-05-27 21:00:00,1.16293,159.47168,185.44329
2026-05-27 22:00:00,1.16267,159.51268,185.46147
2026-05-27 23:00:00,1.16176,159.5777,185.38299
2026-05-28 00:00:00,1.16207,159.57017,185.43752
2026-05-28 01:00:00,1.16099,159.58593,185.27939
2026-05-28 02:00:00,1.16127,159.56761,185.30357
2026-05-28 03:00:00,1.15886,159.6279,184.97943
2026-05-28 04:00:00,1.15922,159.5829,184.98448
2026-05-28 05:00:00,1.16004,159.56487,185.08605
2026-05-28 06:00:00,1.16123,159.4876,185.19087
2026-05-28 07:00:00,1.16117,159.49033,185.19121
2026-05-28 08:00:00,1.16162,159.4729,185.24152
2026-05-28 09:00:00,1.16134,159.4224,185.13978
2026-05-28 10:00:00,1.16055,159.46022,185.05555
2026-05-28 11:00:00,1.16222,159.4651,185.34579
2026-05-28 12:00:00,1.1637,159.3636,185.44334
2026-05-28 13:00:00,1.16313,159.45878,185.46745
2026-05-28 14:00:00,1.16456,159.25886,185.46663
2026-05-28 15:00:00,1.16496,159.2892,185.56343
2026-05-28 16:00:00,1.16568,159.17185,185.53936
2026-05-28 17:00:00,1.16531,159.20769,185.52812
2026-05-28 18:00:00,1.16483,159.26606,185.51255
2026-05-28 19:00:00,1.16475,159.25257,185.49441
2026-05-28 20:00:00,1.16501,159.24842,185.52821
2026-05-28 21:00:00,1.16521,159.24058,185.55475
2026-05-28 22:00:00,1.16505,159.27008,185.55204
2026-05-28 23:00:00,1.16528,159.26781,185.5864
2026-05-29 00:00:00,1.16481,159.30866,185.56495
2026-05-29 01:00:00,1.16438,159.32745,185.51092
2026-05-29 02:00:00,1.16451,159.31228,185.52824
2026-05-29 03:00:00,1.16371,159.36339,185.44949
2026-05-29 04:00:00,1.16392,159.30696,185.41109
2026-05-29 05:00:00,1.16425,159.3302,185.49239
2026-05-29 06:00:00,1.16541,159.21595,185.55529
2026-05-29 07:00:00,1.16424,159.28163,185.44391
2026-05-29 08:00:00,1.1627,159.30953,185.21917
2026-05-29 09:00:00,1.1642,159.29419,185.44721
2026-05-29 10:00:00,1.1643,159.2936,185.46047
2026-05-29 11:00:00,1.16481,159.26954,185.5127
2026-05-29 12:00:00,1.16481,159.27442,185.51665
2026-05-29 13:00:00,1.16496,159.29089,185.56827
2026-05-29 14:00:00,1.16693,159.18957,185.76029
2026-05-29 15:00:00,1.16785,159.23602,185.96444
2026-05-29 16:00:00,1.16716,159.21362,185.81829
2026-05-29 17:00:00,1.16643,159.28566,185.79124
2026-05-29 18:00:00,1.16661,159.25317,185.79263
2026-05-29 19:00:00,1.16641,159.26457,185.7648
2026-05-29 20:00:00,1.16613,159.25836,185.72521
2026-05-29 21:00:00,1.16598,159.29537,185.76119
2026-05-29 22:00:00,1.16593,159.28676,185.71993
2026-05-29 23:00:00,1.16612,159.28678,185.71992
2026-05-30 00:00:00,1.166,159.28407,185.72504
2026-05-30 01:00:00,1.16605,159.28436,185.73286
2026-05-30 02:00:00,1.16605,159.28564,185.7237
2026-05-30 03:00:00,1.16605,159.28684,185.72314
2026-05-30 04:00:00,1.16605,159.28626,185.72312
2026-05-30 05:00:00,1.16605,159.28675,185.73285
2026-05-30 06:00:00,1.16605,159.28727,185.72656
2026-05-30 07:00:00,1.16605,159.29007,185.72656
2026-05-30 08:00:00,1.16605,159.28821,185.73331
2026-05-30 09:00:00,1.16604,159.2885,185.73217
2026-05-30 10:00:00,1.16605,159.28875,185.73402
2026-05-30 11:00:00,1.16599,159.28854,185.72411
2026-05-30 12:00:00,1.16597,159.29224,185.72763
2026-05-30 13:00:00,1.16589,159.28737,185.71172
2026-05-30 14:00:00,1.16595,159.2875,185.72239
2026-05-30 15:00:00,1.16596,159.28755,185.72459
2026-05-30 16:00:00,1.16594,159.28782,185.72146
2026-05-30 17:00:00,1.16597,159.29148,185.72172
2026-05-30 18:00:00,1.16595,159.28569,185.72389
2026-05-30 19:00:00,1.16596,159.2851,185.7242
2026-05-30 20:00:00,1.16595,159.28482,185.72216
2026-05-30 21:00:00,1.16595,159.28391,185.72228
2026-05-30 22:00:00,1.16597,159.28381,185.72537
2026-05-30 23:00:00,1.16597,159.28439,185.72653
2026-05-31 00:00:00,1.16597,159.2841,185.7203
2026-05-31 01:00:00,1.16594,159.2855,185.7149
2026-05-31 02:00:00,1.16599,159.28498,185.72019
2026-05-31 03:00:00,1.16599,159.28662,185.72009
2026-05-31 04:00:00,1.16597,159.2866,185.72289
2026-05-31 05:00:00,1.16599,159.28681,185.72015
2026-05-31 06:00:00,1.16596,159.28899,185.7177
2026-05-31 07:00:00,1.16596,159.2879,185.71871
2026-05-31 08:00:00,1.16593,159.28827,185.7139
2026-05-31 09:00:00,1.16593,159.28893,185.71389
2026-05-31 10:00:00,1.16593,159.28858,185.71413
2026-05-31 11:00:00,1.16582,159.28855,185.69727
2026-05-31 12:00:00,1.16582,159.28824,185.69777
2026-05-31 13:00:00,1.16589,159.28784,185.70831
2026-05-31 14:00:00,1.16586,159.28618,185.70698
2026-05-31 15:00:00,1.16603,159.28741,185.72951
2026-05-31 16:00:00,1.16598,159.28802,185.72783
2026-05-31 17:00:00,1.16601,159.2885,185.73327
2026-05-31 18:00:00,1.16648,159.31442,185.82241
2026-05-31 19:00:00,1.16604,159.29689,185.75167
2026-05-31 20:00:00,1.16593,159.34671,185.78157
2026-05-31 21:00:00,1.16603,159.35755,185.81777
2026-05-31 22:00:00,1.16552,159.38042,185.77132
2026-05-31 23:00:00,1.16488,159.36803,185.65
2026-06-01 00:00:00,1.16485,159.46319,185.74658
2026-06-01 01:00:00,1.16443,159.49348,185.72291
2026-06-01 02:00:00,1.16469,159.45803,185.72607
2026-06-01 03:00:00,1.16442,159.48179,185.70375
2026-06-01 04:00:00,1.16479,159.4699,185.7469
2026-06-01 05:00:00,1.16513,159.47102,185.8007
2026-06-01 06:00:00,1.16642,159.43308,185.9578
2026-06-01 07:00:00,1.16564,159.46874,185.88544
2026-06-01 08:00:00,1.16573,159.46761,185.88621
2026-06-01 09:00:00,1.16509,159.46808,185.78954
2026-06-01 10:00:00,1.16466,159.46144,185.72374
2026-06-01 11:00:00,1.16475,159.48996,185.74752
2026-06-01 12:00:00,1.1648,159.49389,185.77644
2026-06-01 13:00:00,1.16132,159.7418,185.52144
2026-06-01 14:00:00,1.16172,159.74057,185.56736
2026-06-01 15:00:00,1.16235,159.66477,185.59572
2026-06-01 16:00:00,1.16289,159.6093,185.61535
2026-06-01 17:00:00,1.16349,159.64058,185.73878
2026-06-01 18:00:00,1.16324,159.73983,185.80877
2026-06-01 19:00:00,1.16315,159.69962,185.75243
2026-06-01 20:00:00,1.16325,159.67768,185.74626
2026-06-01 21:00:00,1.16349,159.63892,185.74509
2026-06-01 22:00:00,1.16345,159.65869,185.74978
2026-06-01 23:00:00,1.16356,159.64692,185.76391
2026-06-02 00:00:00,1.1631,159.6819,185.72359
2026-06-02 01:00:00,1.16322,159.7061,185.77351
2026-06-02 02:00:00,1.16313,159.71934,185.773
2026-06-02 03:00:00,1.1635,159.72355,185.83304
2026-06-02 04:00:00,1.16389,159.72276,185.90023
2026-06-02 05:00:00,1.1638,159.74479,185.9075
2026-06-02 06:00:00,1.16503,159.71022,186.0684
2026-06-02 07:00:00,1.16495,159.70691,186.04182
2026-06-02 08:00:00,1.16431,159.74681,185.99326
2026-06-02 09:00:00,1.16422,159.74576,185.98143
2026-06-02 10:00:00,1.16439,159.7349,185.98756
2026-06-02 11:00:00,1.16501,159.74814,186.1037
2026-06-02 12:00:00,1.16506,159.78974,186.15848
2026-06-02 13:00:00,1.16442,159.80599,186.0854
2026-06-02 14:00:00,1.16437,159.876,186.1469
2026-06-02 15:00:00,1.16409,159.88515,186.1352
2026-06-02 16:00:00,1.16292,159.91992,185.96778
2026-06-02 17:00:00,1.1622,159.96867,185.90998
2026-06-02 18:00:00,1.16287,159.90974,185.95618
2026-06-02 19:00:00,1.16318,159.94208,186.04346
2026-06-02 20:00:00,1.16318,159.93617,186.03704
2026-06-02 21:00:00,1.16313,159.92017,186.01082
2026-06-02 22:00:00,1.16275,159.96128,185.99779
2026-06-02 23:00:00,1.16221,159.97742,185.93029
2026-06-03 00:00:00,1.16293,159.93857,185.99207
2026-06-03 01:00:00,1.16287,159.87183,185.90797
2026-06-03 02:00:00,1.16284,159.87782,185.90481
2026-06-03 03:00:00,1.16281,159.8881,185.9099
2026-06-03 04:00:00,1.16263,159.89156,185.89475
2026-06-03 05:00:00,1.16196,159.93076,185.8292
2026-06-03 06:00:00,1.16172,159.97901,185.84613
2026-06-03 07:00:00,1.16172,159.69132,185.52907
2026-06-03 08:00:00,1.16095,159.76081,185.47049
2026-06-03 09:00:00,1.16134,159.80727,185.60117
2026-06-03 10:00:00,1.16164,159.80357,185.63104
2026-06-03 11:00:00,1.16171,159.833,185.67394
2026-06-03 12:00:00,1.16004,159.92591,185.51465
2026-06-03 13:00:00,1.16034,159.97659,185.62692
2026-06-03 14:00:00,1.16119,159.93905,185.72626
2026-06-03 15:00:00,1.16045,159.99817,185.67564
2026-06-03 16:00:00,1.16002,159.99932,185.61076
2026-06-03 17:00:00,1.15982,160.0485,185.63319
2026-06-03 18:00:00,1.15982,160.03392,185.60792
2026-06-03 19:00:00,1.15978,160.07791,185.66453
2026-06-03 20:00:00,1.15984,160.09467,185.68666
2026-06-03 21:00:00,1.15989,160.02235,185.61
2026-06-03 22:00:00,1.1605,159.9454,185.62681
2026-06-03 23:00:00,1.16113,159.9487,185.70349
2026-06-04 00:00:00,1.16066,159.9303,185.62472
2026-06-04 01:00:00,1.16096,159.88743,185.60992
2026-06-04 02:00:00,1.16103,159.90198,185.64631
2026-06-04 03:00:00,1.16061,159.97346,185.66693
2026-06-04 04:00:00,1.161,159.87412,185.61347
2026-06-04 05:00:00,1.16098,159.89754,185.62248
2026-06-04 06:00:00,1.16091,159.9035,185.62555
2026-06-04 07:00:00,1.16042,159.91437,185.56312
2026-06-04 08:00:00,1.16133,159.88065,185.67112
2026-06-04 09:00:00,1.16256,159.86659,185.84726
2026-06-04 10:00:00,1.16307,159.89076,185.96505
2026-06-04 11:00:00,1.16429,159.77288,186.02078
2026-06-04 12:00:00,1.16387,159.86011,186.05089
2026-06-04 13:00:00,1.16379,159.91865,186.10854
2026-06-04 14:00:00,1.16314,159.99646,186.09867
2026-06-04 15:00:00,1.16296,159.97549,186.04694
2026-06-04 16:00:00,1.16238,159.96705,185.94034
2026-06-04 17:00:00,1.16214,159.99702,185.93414
2026-06-04 18:00:00,1.16149,160.03283,185.87044
2026-06-04 19:00:00,1.16131,160.02629,185.83562
2026-06-04 20:00:00,1.16109,160.02686,185.80623
2026-06-04 21:00:00,1.1614,159.98924,185.81737
2026-06-04 22:00:00,1.16122,160.0064,185.79785
2026-06-04 23:00:00,1.16123,160.00108,185.79193
2026-06-05 00:00:00,1.16135,159.96839,185.77823
2026-06-05 01:00:00,1.16148,159.96817,185.78515
2026-06-05 02:00:00,1.16155,159.97503,185.81302
2026-06-05 03:00:00,1.16148,159.96068,185.78419
2026-06-05 04:00:00,1.16168,159.9572,185.81099
2026-06-05 05:00:00,1.16157,159.96856,185.80974
2026-06-05 06:00:00,1.16224,159.9405,185.8869
2026-06-05 07:00:00,1.16343,159.9463,186.08453
2026-06-05 08:00:00,1.16375,159.95182,186.13259
2026-06-05 09:00:00,1.1639,159.95182,186.16403
2026-06-05 10:00:00,1.16402,159.91479,186.13279
2026-06-05 11:00:00,1.16406,159.84521,186.06503
2026-06-05 12:00:00,1.15911,160.19607,185.72182
2026-06-05 13:00:00,1.15768,160.11783,185.36308
2026-06-05 14:00:00,1.15601,160.26086,185.25708
2026-06-05 15:00:00,1.15331,160.25508,184.81402
2026-06-05 16:00:00,1.15326,160.2713,184.83959
2026-06-05 17:00:00,1.15249,160.31587,184.76665
2026-06-05 18:00:00,1.15233,160.16766,184.55974
2026-06-05 19:00:00,1.15251,160.19332,184.62507
2026-06-05 20:00:00,1.15226,160.32998,184.73385
2026-06-05 21:00:00,1.1524,160.29038,184.72506
2026-06-05 22:00:00,1.15234,160.29263,184.73557
2026-06-05 23:00:00,1.1524,160.29558,184.72275
2026-06-06 00:00:00,1.15216,160.32878,184.72252
2026-06-06 01:00:00,1.15216,160.32884,184.72277
2026-06-06 02:00:00,1.15219,160.33278,184.7279
2026-06-06 03:00:00,1.15217,160.32946,184.72516
2026-06-06 04:00:00,1.15217,160.32991,184.72516
2026-06-06 05:00:00,1.15218,160.33167,184.72698
2026-06-06 06:00:00,1.15218,160.3311,184.72761
2026-06-06 07:00:00,1.15218,160.33016,184.72685
2026-06-06 08:00:00,1.15216,160.33234,184.72732
2026-06-06 09:00:00,1.15216,160.33284,184.72741
2026-06-06 10:00:00,1.15218,160.33321,184.72737
2026-06-06 11:00:00,1.15217,160.33347,184.72711
2026-06-06 12:00:00,1.15218,160.3239,184.724
2026-06-06 13:00:00,1.15217,160.33347,184.73045
2026-06-06 14:00:00,1.15214,160.33329,184.73009
2026-06-06 15:00:00,1.15214,160.33208,184.73011
2026-06-06 16:00:00,1.15214,160.33155,184.73095
2026-06-06 17:00:00,1.15214,160.3318,184.73009
2026-06-06 18:00:00,1.15217,160.33288,184.72271
2026-06-06 19:00:00,1.15215,160.33348,184.72306
2026-06-06 20:00:00,1.15217,160.33319,184.72137
2026-06-06 21:00:00,1.15214,160.32937,184.72288
2026-06-06 22:00:00,1.15218,160.3291,184.72377
2026-06-06 23:00:00,1.15222,160.32848,184.73199
2026-06-07 00:00:00,1.15225,160.32779,184.73438
2026-06-07 01:00:00,1.15235,160.32805,184.75518
2026-06-07 02:00:00,1.15243,160.33526,184.7738
2026-06-07 03:00:00,1.15226,160.32958,184.73875
2026-06-07 04:00:00,1.15238,160.33191,184.75926
2026-06-07 05:00:00,1.15238,160.33151,184.75913
2026-06-07 06:00:00,1.15237,160.32999,184.75724
2026-06-07 07:00:00,1.15244,160.33197,184.7761
2026-06-07 08:00:00,1.15235,160.33252,184.75732
2026-06-07 09:00:00,1.15236,160.33277,184.7578
2026-06-07 10:00:00,1.15234,160.33335,184.75797
2026-06-07 11:00:00,1.15237,160.33294,184.7624
2026-06-07 12:00:00,1.15237,160.3336,184.76268
2026-06-07 13:00:00,1.15233,159.84568,184.19648
2026-06-07 14:00:00,1.15155,160.33302,184.63249
2026-06-07 15:00:00,1.15183,160.33277,184.67837
2026-06-07 16:00:00,1.1522,160.33161,184.73674
2026-06-07 17:00:00,1.15213,160.33255,184.72272
2026-06-07 18:00:00,1.15213,160.22033,184.59512
2026-06-07 19:00:00,1.15133,160.30656,184.5689
2026-06-07 20:00:00,1.1521,160.24402,184.6124
2026-06-07 21:00:00,1.15093,160.30011,184.50743
2026-06-07 22:00:00,1.1514,160.33666,184.60616
2026-06-07 23:00:00,1.1522,160.34298,184.75191
2026-06-08 00:00:00,1.15331,160.32263,184.90323
2026-06-08 01:00:00,1.15257,160.33654,184.80385
2026-06-08 02:00:00,1.15311,160.36947,184.90368
2026-06-08 03:00:00,1.15325,160.3482,184.91851
2026-06-08 04:00:00,1.15312,160.3478,184.89559
2026-06-08 05:00:00,1.1518,160.27558,184.60341
2026-06-08 06:00:00,1.15159,160.27558,184.56805
2026-06-08 07:00:00,1.15182,160.22715,184.54998
2026-06-08 08:00:00,1.15102,160.03857,184.19975
2026-06-08 09:00:00,1.15137,160.01645,184.23406
2026-06-08 10:00:00,1.15253,160.00453,184.40655
2026-06-08 11:00:00,1.15367,159.97005,184.54754
2026-06-08 12:00:00,1.1541,159.96891,184.61492
2026-06-08 13:00:00,1.15428,160.03743,184.72538
2026-06-08 14:00:00,1.15418,160.09533,184.76836
2026-06-08 15:00:00,1.15454,160.11203,184.85192
2026-06-08 16:00:00,1.15402,160.15884,184.81847
2026-06-08 17:00:00,1.15385,160.17249,184.82038
2026-06-08 18:00:00,1.15296,160.25366,184.75881
2026-06-08 19:00:00,1.15315,160.21598,184.74813
2026-06-08 20:00:00,1.15328,160.17861,184.73328
2026-06-08 21:00:00,1.15363,160.1434,184.74743
2026-06-08 22:00:00,1.1534,160.18262,184.75245
2026-06-08 23:00:00,1.15289,160.18092,184.66269
2026-06-09 00:00:00,1.15314,160.24813,184.79142
2026-06-09 01:00:00,1.15393,160.19646,184.85965
2026-06-09 02:00:00,1.15379,160.22195,184.86437
2026-06-09 03:00:00,1.15373,160.2521,184.88552
2026-06-09 04:00:00,1.15463,160.1907,184.95148
2026-06-09 05:00:00,1.15457,160.15399,184.90408
2026-06-09 06:00:00,1.15468,160.17321,184.93625
2026-06-09 07:00:00,1.15399,160.20258,184.86933
2026-06-09 08:00:00,1.15509,160.17843,185.01709
2026-06-09 09:00:00,1.15618,160.19372,185.21765
2026-06-09 10:00:00,1.15654,160.17343,185.24393
2026-06-09 11:00:00,1.15741,160.16434,185.38188
2026-06-09 12:00:00,1.15746,160.19968,185.41885
2026-06-09 13:00:00,1.15669,160.21422,185.31536
2026-06-09 14:00:00,1.15633,160.25523,185.30178
2026-06-09 15:00:00,1.15567,160.22976,185.15506
2026-06-09 16:00:00,1.15394,160.40702,185.0994
2026-06-09 17:00:00,1.15477,160.35848,185.18783
2026-06-09 18:00:00,1.15505,160.35675,185.21239
2026-06-09 19:00:00,1.15413,160.42164,185.1527
2026-06-09 20:00:00,1.15442,160.3675,185.13738
2026-06-09 21:00:00,1.15389,160.34821,185.02495
2026-06-09 22:00:00,1.15371,160.40715,185.06028
2026-06-09 23:00:00,1.15339,160.39811,184.99477
2026-06-10 00:00:00,1.15427,160.37429,185.12523
2026-06-10 01:00:00,1.15384,160.3921,185.05584
2026-06-10 02:00:00,1.15431,160.37529,185.11536
2026-06-10 03:00:00,1.15507,160.36126,185.22304
2026-06-10 04:00:00,1.15464,160.37125,185.16838
2026-06-10 05:00:00,1.15541,160.34944,185.26085
2026-06-10 06:00:00,1.15505,160.37987,185.24339
2026-06-10 07:00:00,1.15542,160.39882,185.32288
2026-06-10 08:00:00,1.15514,160.4248,185.31788
2026-06-10 09:00:00,1.15579,160.44723,185.44019
2026-06-10 10:00:00,1.15522,160.47398,185.3794
2026-06-10 11:00:00,1.15368,160.49943,185.17298
2026-06-10 12:00:00,1.15501,160.42878,185.29086
2026-06-10 13:00:00,1.15626,160.41103,185.47412
2026-06-10 14:00:00,1.15526,160.49329,185.40577
2026-06-10 15:00:00,1.15492,160.48237,185.35089
2026-06-10 16:00:00,1.15533,160.48913,185.41591
2026-06-10 17:00:00,1.15518,160.50826,185.42023
2026-06-10 18:00:00,1.15496,160.49516,185.36858
2026-06-10 19:00:00,1.15415,160.5419,185.28416
2026-06-10 20:00:00,1.15361,160.56903,185.23251
2026-06-10 21:00:00,1.15362,160.52445,185.17773
2026-06-10 22:00:00,1.15304,160.53317,185.11016
2026-06-10 23:00:00,1.15342,160.54289,185.16636
2026-06-11 00:00:00,1.15427,160.51786,185.29153
2026-06-11 01:00:00,1.15536,160.49403,185.42506
2026-06-11 02:00:00,1.15479,160.52158,185.36381
2026-06-11 03:00:00,1.15453,160.52441,185.33008
2026-06-11 04:00:00,1.15483,160.51037,185.35738
2026-06-11 05:00:00,1.15482,160.54758,185.39919
2026-06-11 06:00:00,1.15422,160.57135,185.32672
2026-06-11 07:00:00,1.15465,160.51321,185.33924
2026-06-11 08:00:00,1.15329,160.53541,185.14202
2026-06-11 09:00:00,1.15341,160.53137,185.15536
2026-06-11 10:00:00,1.15314,160.5365,185.12138
2026-06-11 11:00:00,1.1539,160.53381,185.23421
2026-06-11 12:00:00,1.15374,160.54403,185.22771
2026-06-11 13:00:00,1.15303,160.48946,185.04622
2026-06-11 14:00:00,1.15181,160.51312,184.87809
2026-06-11 15:00:00,1.15147,160.51605,184.83804
2026-06-11 16:00:00,1.15088,160.54107,184.75925
2026-06-11 17:00:00,1.15519,160.11749,184.97455
2026-06-11 18:00:00,1.1562,160.0312,185.01781
2026-06-11 19:00:00,1.15798,159.75878,184.99412
2026-06-11 20:00:00,1.1579,159.97194,185.21764
2026-06-11 21:00:00,1.15773,159.9651,185.19114
2026-06-11 22:00:00,1.15847,160.02628,185.3787
2026-06-11 23:00:00,1.1575,160.14782,185.3644
2026-06-12 00:00:00,1.15683,160.17805,185.29041
2026-06-12 01:00:00,1.15639,160.25337,185.32104
2026-06-12 02:00:00,1.15675,160.30014,185.42468
2026-06-12 03:00:00,1.15721,160.23964,185.42481
2026-06-12 04:00:00,1.15714,160.25946,185.43768
2026-06-12 05:00:00,1.15582,160.34804,185.3301
2026-06-12 06:00:00,1.15737,160.32137,185.5488
2026-06-12 07:00:00,1.15662,160.29624,185.43214
2026-06-12 08:00:00,1.15767,160.10108,185.3333
2026-06-12 09:00:00,1.1585,160.05786,185.43047
2026-06-12 10:00:00,1.15743,160.12122,185.32425
2026-06-12 11:00:00,1.15715,160.18647,185.36311
2026-06-12 12:00:00,1.15642,160.25752,185.32029
2026-06-12 13:00:00,1.15691,160.30309,185.45498
2026-06-12 14:00:00,1.15756,160.23349,185.49606
2026-06-12 15:00:00,1.15741,160.24675,185.4646
2026-06-12 16:00:00,1.15752,160.23751,185.47543
2026-06-12 17:00:00,1.15751,160.20442,185.43664
2026-06-12 18:00:00,1.15764,160.22434,185.46441
2026-06-12 19:00:00,1.15707,160.21811,185.3786
2026-06-12 20:00:00,1.15676,160.21923,185.34371
2026-06-12 21:00:00,1.15749,160.2437,185.47328
2026-06-12 22:00:00,1.15726,160.21354,185.39145
2026-06-12 23:00:00,1.15725,160.21454,185.40458
2026-06-13 00:00:00,1.15671,160.22079,185.32439
2026-06-13 01:00:00,1.15671,160.2206,185.32221
2026-06-13 02:00:00,1.15668,160.22205,185.32485
2026-06-13 03:00:00,1.15671,160.22285,185.32657
2026-06-13 04:00:00,1.15671,160.22221,185.32638
2026-06-13 05:00:00,1.15671,160.22303,185.32791
2026-06-13 06:00:00,1.1567,160.22415,185.32854
2026-06-13 07:00:00,1.15668,160.22509,185.32597
2026-06-13 08:00:00,1.15671,160.22491,185.33071
2026-06-13 09:00:00,1.15669,160.22508,185.33012
2026-06-13 10:00:00,1.15667,160.22511,185.33121
2026-06-13 11:00:00,1.1567,160.22492,185.33356
2026-06-13 12:00:00,1.15698,160.22582,185.37536
2026-06-13 13:00:00,1.15711,160.22418,185.39772
2026-06-13 14:00:00,1.15699,160.22359,185.37783
2026-06-13 15:00:00,1.1571,160.22482,185.39652
2026-06-13 16:00:00,1.15685,160.22491,185.35692
2026-06-13 17:00:00,1.15677,160.22601,185.45894
2026-06-13 18:00:00,1.15695,160.22124,185.36354
2026-06-13 19:00:00,1.15679,160.22075,185.34096
2026-06-13 20:00:00,1.15698,160.22124,185.37136
2026-06-13 21:00:00,1.15702,160.22032,185.37571
2026-06-13 22:00:00,1.15751,160.22033,185.35111
2026-06-13 23:00:00,1.15722,160.22272,185.40912
2026-06-14 00:00:00,1.15739,160.32089,185.54905
2026-06-14 01:00:00,1.15741,160.25462,185.4765
2026-06-14 02:00:00,1.15726,160.2233,185.41667
2026-06-14 03:00:00,1.15737,160.22269,185.43349
2026-06-14 04:00:00,1.15748,160.22321,185.45171
2026-06-14 05:00:00,1.15751,160.22395,185.45726
2026-06-14 06:00:00,1.15722,160.22453,185.41213
2026-06-14 07:00:00,1.1574,160.22509,185.44126
2026-06-14 08:00:00,1.15746,160.22521,185.45073
2026-06-14 09:00:00,1.15749,160.22649,185.46032
2026-06-14 10:00:00,1.15749,160.22594,185.45975
2026-06-14 11:00:00,1.15717,159.84812,184.97289
2026-06-14 12:00:00,1.15717,159.9906,185.13783
2026-06-14 13:00:00,1.15668,159.81013,184.85123
2026-06-14 14:00:00,1.15666,160.28312,185.39465
2026-06-14 15:00:00,1.15683,160.22437,185.35422
2026-06-14 16:00:00,1.15658,160.22471,185.31433
2026-06-14 17:00:00,1.15667,160.22538,185.32338
2026-06-14 18:00:00,1.15672,160.19564,185.29935
2026-06-14 19:00:00,1.15718,160.24209,185.42682
2026-06-14 20:00:00,1.15582,160.29854,185.40902
2026-06-14 21:00:00,1.16057,159.80515,185.48437
2026-06-14 22:00:00,1.16094,159.92762,185.65159
2026-06-14 23:00:00,1.16031,159.98089,185.6364
2026-06-15 00:00:00,1.15991,160.11634,185.71961
2026-06-15 01:00:00,1.15978,160.21143,185.80046
2026-06-15 02:00:00,1.15997,160.14546,185.76527
2026-06-15 03:00:00,1.16056,160.06047,185.75398
2026-06-15 04:00:00,1.16127,160.04916,185.86076
2026-06-15 05:00:00,1.16168,160.05267,185.92765
2026-06-15 06:00:00,1.16052,160.14361,185.84525
2026-06-15 07:00:00,1.16067,160.11293,185.84037
2026-06-15 08:00:00,1.16015,160.14548,185.79119
2026-06-15 09:00:00,1.1607,160.13391,185.86989
2026-06-15 10:00:00,1.16121,160.12246,185.93366
2026-06-15 11:00:00,1.16102,160.18616,186.0082
2026-06-15 12:00:00,1.1614,160.14232,185.98732
2026-06-15 13:00:00,1.16167,160.08209,185.95844
2026-06-15 14:00:00,1.16076,160.13383,185.86652
2026-06-15 15:00:00,1.15991,160.19957,185.81112
2026-06-15 16:00:00,1.16054,160.22082,185.94537
2026-06-15 17:00:00,1.15987,160.28085,185.91309
2026-06-15 18:00:00,1.15947,160.30963,185.87601
2026-06-15 19:00:00,1.15855,160.38956,185.80714
2026-06-15 20:00:00,1.15898,160.35588,185.84536
2026-06-15 21:00:00,1.1591,160.35458,185.86726
2026-06-15 22:00:00,1.1589,160.32893,185.79992
2026-06-15 23:00:00,1.15915,160.23597,185.7401
2026-06-16 00:00:00,1.15928,160.21435,185.73206
2026-06-16 01:00:00,1.15875,160.1649,185.58953
2026-06-16 02:00:00,1.15883,160.13386,185.56511
2026-06-16 03:00:00,1.15871,160.23002,185.65426
2026-06-16 04:00:00,1.15792,160.2696,185.57661
2026-06-16 05:00:00,1.1576,160.30143,185.55551
2026-06-16 06:00:00,1.15861,160.21753,185.62642
2026-06-16 07:00:00,1.15951,160.24701,185.80066
2026-06-16 08:00:00,1.16065,160.32401,186.07458
2026-06-16 09:00:00,1.16024,160.34013,186.03525
2026-06-16 10:00:00,1.16119,160.3031,186.13092
2026-06-16 11:00:00,1.15996,160.36142,186.00778
2026-06-16 12:00:00,1.16,160.32846,185.97736
2026-06-16 13:00:00,1.15915,160.40213,185.92921
2026-06-16 14:00:00,1.16083,160.40861,186.2051
2026-06-16 15:00:00,1.16174,160.36048,186.27582
2026-06-16 16:00:00,1.16137,160.40104,186.28771
2026-06-16 17:00:00,1.1611,160.44376,186.29302
2026-06-16 18:00:00,1.16111,160.4394,186.28827
2026-06-16 19:00:00,1.1608,160.47777,186.28189
2026-06-16 20:00:00,1.16087,160.47411,186.28283
2026-06-16 21:00:00,1.16096,160.42291,186.25087
2026-06-16 22:00:00,1.16128,160.4225,186.29397
2026-06-16 23:00:00,1.16097,160.44111,186.264
2026-06-17 00:00:00,1.16143,160.36243,186.2531
2026-06-17 01:00:00,1.16128,160.35176,186.21127
2026-06-17 02:00:00,1.16111,160.33287,186.15865
2026-06-17 03:00:00,1.16111,160.32405,186.1501
2026-06-17 04:00:00,1.16119,160.27101,186.10143
2026-06-17 05:00:00,1.16126,160.32766,186.17964
2026-06-17 06:00:00,1.16075,160.26012,186.01708
2026-06-17 07:00:00,1.16084,160.19486,185.95623
2026-06-17 08:00:00,1.16026,160.21872,185.89454
2026-06-17 09:00:00,1.16044,160.19397,185.88263
2026-06-17 10:00:00,1.15968,160.24566,185.83687
2026-06-17 11:00:00,1.15907,160.33263,185.82784
2026-06-17 12:00:00,1.16026,160.26142,185.93995
2026-06-17 13:00:00,1.15988,160.19904,185.81261
2026-06-17 14:00:00,1.15905,160.32785,185.8191
2026-06-17 15:00:00,1.1593,160.22594,185.75051
2026-06-17 16:00:00,1.15914,160.2137,185.71404
2026-06-17 17:00:00,1.15957,160.21629,185.78322
2026-06-17 18:00:00,1.15384,160.49726,185.16546
2026-06-17 19:00:00,1.1494,160.72637,184.71679
2026-06-17 20:00:00,1.15021,160.65742,184.78082
2026-06-17 21:00:00,1.15039,160.54699,184.70045
2026-06-17 22:00:00,1.15052,160.61436,184.78167
2026-06-17 23:00:00,1.15069,160.62221,184.82066
2026-06-18 00:00:00,1.15167,160.69292,185.0596
2026-06-18 01:00:00,1.15166,160.64147,184.99937
2026-06-18 02:00:00,1.15183,160.5842,184.96481
2026-06-18 03:00:00,1.15239,160.59001,185.06019
2026-06-18 04:00:00,1.15236,160.59789,185.06477
2026-06-18 05:00:00,1.15108,160.64629,184.91259
2026-06-18 06:00:00,1.15207,160.6515,185.10132
2026-06-18 07:00:00,1.1513,160.64102,184.94836
2026-06-18 08:00:00,1.14827,160.75879,184.58064
2026-06-18 09:00:00,1.1479,160.78389,184.56008
2026-06-18 10:00:00,1.14604,160.95581,184.45315
2026-06-18 11:00:00,1.14561,160.93191,184.36365
2026-06-18 12:00:00,1.14711,160.88451,184.54888
2026-06-18 13:00:00,1.14723,160.89283,184.57755
2026-06-18 14:00:00,1.14867,160.84733,184.76458
2026-06-18 15:00:00,1.14724,161.23738,184.97158
2026-06-18 16:00:00,1.14644,161.43087,185.05634
2026-06-18 17:00:00,1.14631,161.43765,185.0646
2026-06-18 18:00:00,1.14597,161.65644,185.26233
2026-06-18 19:00:00,1.14585,161.41767,184.95294
2026-06-18 20:00:00,1.14578,161.40745,184.92242
2026-06-18 21:00:00,1.14631,161.33265,184.905
2026-06-18 22:00:00,1.14632,161.26707,184.86108
2026-06-18 23:00:00,1.14579,161.32282,184.8392
2026-06-19 00:00:00,1.14644,161.05163,184.64598
2026-06-19 01:00:00,1.14532,161.20138,184.61868
2026-06-19 02:00:00,1.14551,161.24333,184.70485
2026-06-19 03:00:00,1.14428,161.34224,184.63449
2026-06-19 04:00:00,1.14281,161.3804,184.42225
2026-06-19 05:00:00,1.14299,161.34237,184.41839
2026-06-19 06:00:00,1.14414,161.27502,184.5214
2026-06-19 07:00:00,1.14474,161.32605,184.67645
2026-06-19 08:00:00,1.14641,161.30059,184.91251
2026-06-19 09:00:00,1.14603,161.26212,184.80844
2026-06-19 10:00:00,1.14633,161.28573,184.88132
2026-06-19 11:00:00,1.14614,161.26187,184.82324
2026-06-19 12:00:00,1.14721,161.17705,184.90601
2026-06-19 13:00:00,1.1463,161.2997,184.91054
2026-06-19 14:00:00,1.14666,161.18084,184.826
2026-06-19 15:00:00,1.1463,161.30014,184.89424
2026-06-19 16:00:00,1.14684,161.33677,184.99387
2026-06-19 17:00:00,1.1474,161.27363,185.04585
2026-06-19 18:00:00,1.14759,161.26966,185.05892
2026-06-19 19:00:00,1.14778,161.28501,185.11538
2026-06-19 20:00:00,1.1471,161.31364,185.08286
2026-06-19 21:00:00,1.14753,161.29036,185.0865
2026-06-19 22:00:00,1.14779,161.2933,185.09065
2026-06-19 23:00:00,1.1478,161.29319,185.08958
2026-06-20 00:00:00,1.14748,161.28783,185.07318
2026-06-20 01:00:00,1.14748,161.288,185.07317
2026-06-20 02:00:00,1.14749,161.28889,185.07381
2026-06-20 03:00:00,1.14747,161.28877,185.07495
2026-06-20 04:00:00,1.14747,161.28838,185.07478
2026-06-20 05:00:00,1.14747,161.29038,185.07561
2026-06-20 06:00:00,1.14747,161.29058,185.07535
2026-06-20 07:00:00,1.14745,161.29251,185.07292
2026-06-20 08:00:00,1.14745,161.29173,185.07491
2026-06-20 09:00:00,1.14745,161.29219,185.07467
2026-06-20 10:00:00,1.14746,161.29352,185.07282
2026-06-20 11:00:00,1.14744,161.29264,185.07401
2026-06-20 12:00:00,1.14755,161.29615,185.0906
2026-06-20 13:00:00,1.14747,161.31897,185.10969
2026-06-20 14:00:00,1.14744,161.29207,185.07517
2026-06-20 15:00:00,1.14725,161.29415,185.04226
2026-06-20 16:00:00,1.14745,161.29113,185.06985
2026-06-20 17:00:00,1.14751,161.29394,185.06371
2026-06-20 18:00:00,1.1474,161.30235,185.07138
2026-06-20 19:00:00,1.14756,161.30384,185.0979
2026-06-20 20:00:00,1.14764,161.29952,185.1094
2026-06-20 21:00:00,1.1476,161.28821,185.09048
2026-06-20 22:00:00,1.14782,161.28944,185.07229
2026-06-20 23:00:00,1.14753,161.29054,185.08117
2026-06-21 00:00:00,1.14753,161.29424,185.08853
2026-06-21 01:00:00,1.14763,161.30003,185.11174
2026-06-21 02:00:00,1.14747,161.28842,185.07414
2026-06-21 03:00:00,1.14761,161.29021,185.09905
2026-06-21 04:00:00,1.14766,161.29323,185.10917
2026-06-21 05:00:00,1.14774,161.29693,185.1258
2026-06-21 06:00:00,1.14763,161.29181,185.10143
2026-06-21 07:00:00,1.1476,161.29138,185.09959
2026-06-21 08:00:00,1.14769,161.29187,185.11327
2026-06-21 09:00:00,1.14776,161.29245,185.1252
2026-06-21 10:00:00,1.14754,161.29253,185.08911
2026-06-21 11:00:00,1.14735,161.29261,185.0586
2026-06-21 12:00:00,1.14735,161.29256,185.0593
2026-06-21 13:00:00,1.14725,161.27332,185.02208
2026-06-21 14:00:00,1.14722,161.32359,185.07056
2026-06-21 15:00:00,1.1471,161.28529,185.00646
2026-06-21 16:00:00,1.1471,161.25866,184.97559
2026-06-21 17:00:00,1.14736,161.28575,185.04706
2026-06-21 18:00:00,1.14778,161.2491,185.03759
2026-06-21 19:00:00,1.14587,161.3231,184.85469
2026-06-21 20:00:00,1.14687,161.26628,184.94213
2026-06-21 21:00:00,1.14636,161.31847,184.93506
2026-06-21 22:00:00,1.1463,161.45196,185.0611
2026-06-21 23:00:00,1.14621,161.44081,185.05509
2026-06-22 00:00:00,1.14654,161.51308,185.16958
2026-06-22 01:00:00,1.14647,161.54313,185.20482
2026-06-22 02:00:00,1.14676,161.54546,185.24737
2026-06-22 03:00:00,1.14551,161.59236,185.10346
2026-06-22 04:00:00,1.14558,161.67124,185.20819
2026-06-22 05:00:00,1.14559,161.69301,185.23254
2026-06-22 06:00:00,1.14595,161.68827,185.28281
2026-06-22 07:00:00,1.14475,161.75061,185.16894
2026-06-22 08:00:00,1.14478,161.78773,185.22078
2026-06-22 09:00:00,1.14582,161.74283,185.32602
2026-06-22 10:00:00,1.14557,161.72923,185.26999
2026-06-22 11:00:00,1.14479,161.78401,185.20359
2026-06-22 12:00:00,1.1456,161.77222,185.33016
2026-06-22 13:00:00,1.14299,161.90128,185.04789
2026-06-22 14:00:00,1.14453,161.29977,184.62108
2026-06-22 15:00:00,1.14322,161.51728,184.63725
2026-06-22 16:00:00,1.14313,161.55788,184.68151
2026-06-22 17:00:00,1.14293,161.52264,184.60488
2026-06-22 18:00:00,1.14238,161.44201,184.43277
2026-06-22 19:00:00,1.14259,161.6086,184.64271
2026-06-22 20:00:00,1.14291,161.61051,184.70579
2026-06-22 21:00:00,1.14289,161.5631,184.64647
2026-06-22 22:00:00,1.14279,161.58499,184.65482
2026-06-22 23:00:00,1.14268,161.58341,184.63769
2026-06-23 00:00:00,1.14269,161.5991,184.6514
2026-06-23 01:00:00,1.1428,161.58963,184.66626
2026-06-23 02:00:00,1.14261,161.5964,184.64571
2026-06-23 03:00:00,1.14299,161.56122,184.66402
2026-06-23 04:00:00,1.14205,161.61625,184.57108
2026-06-23 05:00:00,1.1423,161.66878,184.67372
2026-06-23 06:00:00,1.14229,161.67601,184.67818
2026-06-23 07:00:00,1.14123,161.48841,184.27921
2026-06-23 08:00:00,1.1408,161.44317,184.17044
2026-06-23 09:00:00,1.14113,161.38766,184.1576
2026-06-23 10:00:00,1.1401,161.48694,184.09606
2026-06-23 11:00:00,1.13849,161.60476,183.98027
2026-06-23 12:00:00,1.13875,161.5624,183.9743
2026-06-23 13:00:00,1.13895,161.52091,183.96487
2026-06-23 14:00:00,1.13833,161.55232,183.9096
2026-06-23 15:00:00,1.13827,161.57101,183.90841
2026-06-23 16:00:00,1.13793,161.60181,183.88531
2026-06-23 17:00:00,1.138,161.55299,183.85304
2026-06-23 18:00:00,1.13777,161.57916,183.84439
2026-06-23 19:00:00,1.13817,161.56628,183.88702
2026-06-23 20:00:00,1.13822,161.58459,183.91337
2026-06-23 21:00:00,1.1384,161.53793,183.89449
2026-06-23 22:00:00,1.13821,161.56856,183.89341
2026-06-23 23:00:00,1.13797,161.61016,183.90293
2026-06-24 00:00:00,1.13768,161.62924,183.87759
2026-06-24 01:00:00,1.1377,161.57515,183.82466
2026-06-24 02:00:00,1.13681,161.56256,183.6608
2026-06-24 03:00:00,1.13681,161.55864,183.65768
2026-06-24 04:00:00,1.13634,161.55923,183.58324
2026-06-24 05:00:00,1.13684,161.61772,183.73118
2026-06-24 06:00:00,1.13589,161.71917,183.69051
2026-06-24 07:00:00,1.13527,161.72549,183.59565
2026-06-24 08:00:00,1.13526,161.74533,183.62161
2026-06-24 09:00:00,1.1347,161.75341,183.53764
2026-06-24 10:00:00,1.13386,161.69644,183.33733
2026-06-24 11:00:00,1.13387,161.67273,183.31228
2026-06-24 12:00:00,1.13298,161.74775,183.25427
2026-06-24 13:00:00,1.13445,161.75455,183.49545
2026-06-24 14:00:00,1.13407,161.79556,183.48606
2026-06-24 15:00:00,1.13495,161.7616,183.58734
2026-06-24 16:00:00,1.13591,161.76066,183.7443
2026-06-24 17:00:00,1.13509,161.81201,183.66342
2026-06-24 18:00:00,1.13541,161.77787,183.67991
2026-06-24 19:00:00,1.1354,161.82652,183.73077
2026-06-24 20:00:00,1.13586,161.81499,183.79601
2026-06-24 21:00:00,1.13599,161.76656,183.76708
2026-06-24 22:00:00,1.13556,161.77238,183.70338
2026-06-24 23:00:00,1.13544,161.77512,183.69096
2026-06-25 00:00:00,1.13542,161.73703,183.64593
2026-06-25 01:00:00,1.13579,161.73179,183.69149
2026-06-25 02:00:00,1.13637,161.71918,183.77035
2026-06-25 03:00:00,1.13695,161.74113,183.89141
2026-06-25 04:00:00,1.13681,161.76478,183.89834
2026-06-25 05:00:00,1.13625,161.81589,183.8589
2026-06-25 06:00:00,1.1353,161.88179,183.79304
2026-06-25 07:00:00,1.13585,161.8131,183.79451
2026-06-25 08:00:00,1.1368,161.82106,183.95638
2026-06-25 09:00:00,1.13627,161.82481,183.87356
2026-06-25 10:00:00,1.13438,161.90185,183.65008
2026-06-25 11:00:00,1.13364,161.89688,183.52443
2026-06-25 12:00:00,1.13535,161.85075,183.75019
2026-06-25 13:00:00,1.13634,161.73682,183.80489
2026-06-25 14:00:00,1.13772,161.62612,183.88544
2026-06-25 15:00:00,1.1384,161.67595,184.03729
2026-06-25 16:00:00,1.13739,161.76193,183.99135
2026-06-25 17:00:00,1.13753,161.77134,184.00957
2026-06-25 18:00:00,1.13731,161.79138,184.00482
2026-06-25 19:00:00,1.13729,161.78796,183.99502
2026-06-25 20:00:00,1.13709,161.80653,183.97894
2026-06-25 21:00:00,1.13741,161.79962,184.03001
2026-06-25 22:00:00,1.13696,161.801,183.95933
2026-06-25 23:00:00,1.13614,161.80625,183.83635
2026-06-26 00:00:00,1.13657,161.82384,183.92594
2026-06-26 01:00:00,1.13587,161.80577,183.78582
2026-06-26 02:00:00,1.1359,161.78623,183.76847
2026-06-26 03:00:00,1.13705,161.66585,183.82847
2026-06-26 04:00:00,1.13767,161.62677,183.87099
2026-06-26 05:00:00,1.13801,161.55967,183.85405
2026-06-26 06:00:00,1.1377,161.71709,183.96801
2026-06-26 07:00:00,1.13872,161.63834,184.0524
2026-06-26 08:00:00,1.14023,161.60286,184.25752
2026-06-26 09:00:00,1.14074,161.59548,184.3335
2026-06-26 10:00:00,1.14036,161.62965,184.32621
2026-06-26 11:00:00,1.13975,161.68067,184.27304
2026-06-26 12:00:00,1.14309,161.66346,184.80469
2026-06-26 13:00:00,1.14236,161.64024,184.65556
2026-06-26 14:00:00,1.13961,161.73624,184.3255
2026-06-26 15:00:00,1.14031,161.69118,184.37476
2026-06-26 16:00:00,1.13902,161.76338,184.25941
2026-06-26 17:00:00,1.13863,161.77567,184.19672
2026-06-26 18:00:00,1.13871,161.73415,184.15994
2026-06-26 19:00:00,1.1388,161.76178,184.21976
2026-06-26 20:00:00,1.13864,161.75395,184.17855
2026-06-26 21:00:00,1.13935,161.70745,184.21737
2026-06-26 22:00:00,1.13912,161.72526,184.2258
2026-06-26 23:00:00,1.1391,161.72522,184.22684
2026-06-27 00:00:00,1.13866,161.74986,184.17973
2026-06-27 01:00:00,1.13865,161.75008,184.17952
2026-06-27 02:00:00,1.13864,161.75062,184.17688
2026-06-27 03:00:00,1.13866,161.75132,184.17962
2026-06-27 04:00:00,1.13864,161.75269,184.17862
2026-06-27 05:00:00,1.13863,161.75218,184.17872
2026-06-27 06:00:00,1.13863,161.75276,184.17837
2026-06-27 07:00:00,1.13863,161.75368,184.17518
2026-06-27 08:00:00,1.13862,161.75395,184.18195
2026-06-27 09:00:00,1.13862,161.75433,184.1736
2026-06-27 10:00:00,1.13862,161.75459,184.174
2026-06-27 11:00:00,1.13865,161.75462,184.17764
2026-06-27 12:00:00,1.13885,161.7552,184.21057
2026-06-27 13:00:00,1.13908,161.75459,184.24693
2026-06-27 14:00:00,1.13908,161.7539,184.24571
2026-06-27 15:00:00,1.13907,161.75305,184.24189
2026-06-27 16:00:00,1.13884,161.75343,184.20649
2026-06-27 17:00:00,1.13933,161.75454,184.28741
2026-06-27 18:00:00,1.13915,161.75479,184.25754
2026-06-27 19:00:00,1.13884,161.75187,184.20794
2026-06-27 20:00:00,1.13892,161.75055,184.2197
2026-06-27 21:00:00,1.139,161.75007,184.23339
2026-06-27 22:00:00,1.13934,161.75896,184.30023
2026-06-27 23:00:00,1.13918,161.74981,184.2628
2026-06-28 00:00:00,1.13899,161.7499,184.23323
2026-06-28 01:00:00,1.13924,161.75311,184.2732
2026-06-28 02:00:00,1.13905,161.75061,184.24342
2026-06-28 03:00:00,1.13916,161.75311,184.26117
2026-06-28 04:00:00,1.13917,161.75264,184.26521
2026-06-28 05:00:00,1.13891,161.75253,184.22171
2026-06-28 06:00:00,1.13874,161.75327,184.19577
2026-06-28 07:00:00,1.13903,161.75436,184.24545
2026-06-28 08:00:00,1.13914,161.75529,184.26402
2026-06-28 09:00:00,1.13923,161.75631,184.27568
2026-06-28 10:00:00,1.13923,161.75238,184.27042
2026-06-28 11:00:00,1.13898,161.75363,184.23034
2026-06-28 12:00:00,1.13899,161.75048,184.22673
2026-06-28 13:00:00,1.13871,161.74989,184.18106
2026-06-28 14:00:00,1.13864,161.74813,184.16869
2026-06-28 15:00:00,1.13849,161.74443,184.13999
2026-06-28 16:00:00,1.13867,161.75361,184.17841
2026-06-28 17:00:00,1.13867,161.75419,184.18064
2026-06-28 18:00:00,1.13871,161.75457,184.18361
2026-06-28 19:00:00,1.13844,161.73849,184.11944
2026-06-28 20:00:00,1.13951,161.75157,184.28537
2026-06-28 21:00:00,1.13847,161.81591,184.21924
2026-06-28 22:00:00,1.13855,161.79973,184.21481
2026-06-28 23:00:00,1.13864,161.80674,184.24358
2026-06-29 00:00:00,1.13889,161.76687,184.23093
2026-06-29 01:00:00,1.13853,161.77922,184.19246
2026-06-29 02:00:00,1.13879,161.79032,184.2417
2026-06-29 03:00:00,1.13843,161.79875,184.21545
2026-06-29 04:00:00,1.13827,161.81741,184.19057
2026-06-29 05:00:00,1.13936,161.80407,184.35888
2026-06-29 06:00:00,1.14147,161.78998,184.67508
2026-06-29 07:00:00,1.1402,161.82088,184.50933
2026-06-29 08:00:00,1.13963,161.85782,184.45537
2026-06-29 09:00:00,1.14031,161.88931,184.58471
2026-06-29 10:00:00,1.14056,161.86344,184.6103
2026-06-29 11:00:00,1.14091,161.84272,184.64185
2026-06-29 12:00:00,1.1401,161.90065,184.57432
2026-06-29 13:00:00,1.14082,161.94519,184.73271
2026-06-29 14:00:00,1.14218,161.92589,184.94265
2026-06-29 15:00:00,1.14232,161.93363,184.96781
2026-06-29 16:00:00,1.14262,161.94622,185.03852
2026-06-29 17:00:00,1.14274,161.92754,185.02654
2026-06-29 18:00:00,1.14261,161.97701,185.06751
2026-06-29 19:00:00,1.14254,161.94992,185.02499
2026-06-29 20:00:00,1.14248,161.94455,185.00983
2026-06-29 21:00:00,1.14254,161.92747,185.00449
2026-06-29 22:00:00,1.14255,161.93138,185.00749
2026-06-29 23:00:00,1.14196,161.92452,184.91302
2026-06-30 00:00:00,1.1417,162.13033,185.09722
2026-06-30 01:00:00,1.14037,162.19126,184.96255
2026-06-30 02:00:00,1.14037,162.17517,184.95064
2026-06-30 03:00:00,1.13991,162.1759,184.86984
2026-06-30 04:00:00,1.13901,162.19896,184.74309
2026-06-30 05:00:00,1.13849,162.28916,184.76211
2026-06-30 06:00:00,1.14035,162.23304,185.0296
2026-06-30 07:00:00,1.13995,162.26918,184.97583
2026-06-30 08:00:00,1.13917,162.34735,184.93407
2026-06-30 09:00:00,1.13973,162.30097,184.98022
2026-06-30 10:00:00,1.14018,162.31874,185.07274
2026-06-30 11:00:00,1.13929,162.42206,185.04202
2026-06-30 12:00:00,1.13974,162.40419,185.09405
2026-06-30 13:00:00,1.13979,162.4702,185.19482
2026-06-30 14:00:00,1.1434,162.51289,185.82466
2026-06-30 15:00:00,1.1416,162.60648,185.62433
2026-06-30 16:00:00,1.14149,162.66061,185.66899
2026-06-30 17:00:00,1.14216,162.59012,185.70051
2026-06-30 18:00:00,1.14222,162.61374,185.73363
2026-06-30 19:00:00,1.14267,162.60057,185.80056
2026-06-30 20:00:00,1.14218,162.5857,185.69742
2026-06-30 21:00:00,1.14236,162.57475,185.70274
2026-06-30 22:00:00,1.14205,162.60615,185.69367
2026-06-30 23:00:00,1.14132,162.64648,185.62878
2026-07-01 00:00:00,1.14107,162.68762,185.63598
2026-07-01 01:00:00,1.14047,162.68932,185.53488
2026-07-01 02:00:00,1.14052,162.78721,185.65424
2026-07-01 03:00:00,1.14045,162.79781,185.65783
2026-07-01 04:00:00,1.14091,162.7092,185.64254
2026-07-01 05:00:00,1.1406,162.70893,185.58016
2026-07-01 06:00:00,1.14037,162.67289,185.51227
2026-07-01 07:00:00,1.14034,162.67783,185.51414
2026-07-01 08:00:00,1.13955,162.6666,185.35954
2026-07-01 09:00:00,1.13885,162.7367,185.33816
2026-07-01 10:00:00,1.13997,162.69395,185.46203
2026-07-01 11:00:00,1.13866,162.69898,185.2605
2026-07-01 12:00:00,1.13713,162.70408,185.01452
2026-07-01 13:00:00,1.13981,162.4273,185.06379
2026-07-01 14:00:00,1.13942,162.44278,185.08457
2026-07-01 15:00:00,1.1385,162.42665,184.91765
2026-07-01 16:00:00,1.13841,162.45655,184.93155
2026-07-01 17:00:00,1.13808,162.55209,184.99395
2026-07-01 18:00:00,1.13803,162.53398,184.96649
2026-07-01 19:00:00,1.13798,162.5691,184.99574
2026-07-01 20:00:00,1.13786,162.6076,185.02493
2026-07-01 21:00:00,1.13805,162.56126,185.00376
2026-07-01 22:00:00,1.13792,162.54333,184.96039
2026-07-01 23:00:00,1.13782,162.5548,184.94792
2026-07-02 00:00:00,1.13772,162.5711,184.96315
2026-07-02 01:00:00,1.13817,162.53317,184.99126
2026-07-02 02:00:00,1.13832,162.52339,185.00619
2026-07-02 03:00:00,1.13823,162.44828,184.91236
2026-07-02 04:00:00,1.13875,162.43321,184.96369
2026-07-02 05:00:00,1.13862,162.33043,184.83619
2026-07-02 06:00:00,1.1395,161.82517,184.40353
2026-07-02 07:00:00,1.14088,161.43716,184.21035
2026-07-02 08:00:00,1.14168,161.07015,183.91364
2026-07-02 09:00:00,1.14119,161.19484,183.96262
2026-07-02 10:00:00,1.14101,161.37381,184.12212
2026-07-02 11:00:00,1.14006,161.49188,184.08985
2026-07-02 12:00:00,1.14503,160.95005,184.2679
2026-07-02 13:00:00,1.14494,160.92653,184.24959
2026-07-02 14:00:00,1.14443,161.03828,184.29108
2026-07-02 15:00:00,1.14473,160.9178,184.20497
2026-07-02 16:00:00,1.14382,160.94222,184.10574
2026-07-02 17:00:00,1.14309,161.08862,184.13074
2026-07-02 18:00:00,1.14337,161.0622,184.14385
2026-07-02 19:00:00,1.14322,161.14069,184.19649
2026-07-02 20:00:00,1.14342,161.12277,184.23273
2026-07-02 21:00:00,1.14341,161.1209,184.2266
2026-07-02 22:00:00,1.14288,161.27652,184.31412
2026-07-02 23:00:00,1.14229,161.4634,184.43473
2026-07-03 00:00:00,1.14302,161.22581,184.31564
2026-07-03 01:00:00,1.1437,161.24705,184.42351
2026-07-03 02:00:00,1.14396,161.18937,184.40385
2026-07-03 03:00:00,1.14416,161.17983,184.40977
2026-07-03 04:00:00,1.14457,161.15498,184.46179
2026-07-03 05:00:00,1.1448,161.16948,184.5059
2026-07-03 06:00:00,1.14543,160.87499,184.27101
2026-07-03 07:00:00,1.1455,160.79903,184.19048
2026-07-03 08:00:00,1.1453,161.03173,184.43674
2026-07-03 09:00:00,1.1442,161.12464,184.35719
2026-07-03 10:00:00,1.14475,161.09077,184.41099
2026-07-03 11:00:00,1.14491,161.14522,184.49039
2026-07-03 12:00:00,1.14472,161.16701,184.50235
2026-07-03 13:00:00,1.14388,161.27171,184.46789
2026-07-03 14:00:00,1.14432,161.28569,184.55815
2026-07-03 15:00:00,1.14373,161.33102,184.514
2026-07-03 16:00:00,1.14373,161.34675,184.53161
2026-07-03 17:00:00,1.14411,161.31336,184.55619
2026-07-03 18:00:00,1.1441,161.34462,184.59551
2026-07-03 19:00:00,1.14365,161.3701,184.54828
2026-07-03 20:00:00,1.14363,161.37136,184.55376
2026-07-03 21:00:00,1.14393,161.38835,184.61779
2026-07-03 22:00:00,1.14391,161.38043,184.60081
2026-07-03 23:00:00,1.14395,161.37985,184.63367
2026-07-04 00:00:00,1.14371,161.38495,184.57661
2026-07-04 01:00:00,1.14371,161.38417,184.57611
2026-07-04 02:00:00,1.14371,161.38405,184.57991
2026-07-04 03:00:00,1.14373,161.38502,184.57781
2026-07-04 04:00:00,1.14371,161.3852,184.57722
2026-07-04 05:00:00,1.1437,161.38566,184.57509
2026-07-04 06:00:00,1.14371,161.38597,184.57858
2026-07-04 07:00:00,1.14372,161.38615,184.57735
2026-07-04 08:00:00,1.14367,161.38658,184.57519
2026-07-04 09:00:00,1.14368,161.38642,184.57042
2026-07-04 10:00:00,1.14369,161.38602,184.57211
2026-07-04 11:00:00,1.14393,161.38557,184.60912
2026-07-04 12:00:00,1.14398,161.38099,184.61945
2026-07-04 13:00:00,1.14417,161.385,184.64591
2026-07-04 14:00:00,1.14412,161.3863,184.63793
2026-07-04 15:00:00,1.14413,161.38643,184.6393
2026-07-04 16:00:00,1.14392,161.38255,184.60905
2026-07-04 17:00:00,1.14425,161.38222,184.66144
2026-07-04 18:00:00,1.1438,161.38189,184.58673
2026-07-04 19:00:00,1.14383,161.3818,184.59297
2026-07-04 20:00:00,1.14383,161.38096,184.5931
2026-07-04 21:00:00,1.14406,161.38186,184.63068
2026-07-04 22:00:00,1.14428,161.38238,184.66808
2026-07-04 23:00:00,1.14393,161.38278,184.61119
2026-07-05 00:00:00,1.14398,161.38456,184.62041
2026-07-05 01:00:00,1.14418,161.37962,184.64755
2026-07-05 02:00:00,1.14408,161.35447,184.60004
2026-07-05 03:00:00,1.14414,161.35949,184.61868
2026-07-05 04:00:00,1.14421,161.34943,184.61804
2026-07-05 05:00:00,1.14424,161.36211,184.63672
2026-07-05 06:00:00,1.14414,161.35381,184.61261
2026-07-05 07:00:00,1.14419,161.34274,184.60834
2026-07-05 08:00:00,1.14423,161.35198,184.62041
2026-07-05 09:00:00,1.14426,161.35983,184.63392
2026-07-05 10:00:00,1.14426,161.35944,184.63349
2026-07-05 11:00:00,1.14418,160.92856,184.12684
2026-07-05 12:00:00,1.14418,160.92912,184.12713
2026-07-05 13:00:00,1.1439,160.82239,183.96375
2026-07-05 14:00:00,1.14379,161.35423,184.54854
2026-07-05 15:00:00,1.14377,160.9138,184.04766
2026-07-05 16:00:00,1.14375,161.38223,184.58077
2026-07-05 17:00:00,1.14375,161.38212,184.58031
2026-07-05 18:00:00,1.14366,161.33537,184.52274
2026-07-05 19:00:00,1.14378,161.26537,184.48238
2026-07-05 20:00:00,1.14428,161.33928,184.61312
2026-07-05 21:00:00,1.14382,161.32972,184.5277
2026-07-05 22:00:00,1.14371,161.41611,184.61853
2026-07-05 23:00:00,1.14376,161.44907,184.65663
2026-07-06 00:00:00,1.14391,161.50554,184.74447
2026-07-06 01:00:00,1.1429,161.81187,184.94057
2026-07-06 02:00:00,1.14351,161.76267,184.98069
2026-07-06 03:00:00,1.1432,161.84821,185.02149
2026-07-06 04:00:00,1.1433,161.93556,185.14295
2026-07-06 05:00:00,1.14241,162.06931,185.12278
2026-07-06 06:00:00,1.14203,162.28159,185.34611
2026-07-06 07:00:00,1.14271,162.17301,185.307
2026-07-06 08:00:00,1.14201,162.25036,185.29468
2026-07-06 09:00:00,1.14132,162.32927,185.26732
2026-07-06 10:00:00,1.14201,162.31204,185.36337
2026-07-06 11:00:00,1.14165,162.33415,185.33233
2026-07-06 12:00:00,1.14124,162.42592,185.37375
2026-07-06 13:00:00,1.14117,162.34836,185.26763
2026-07-06 14:00:00,1.14181,162.38074,185.40087
2026-07-06 15:00:00,1.1425,162.28585,185.39372
2026-07-06 16:00:00,1.14301,162.29005,185.50201
2026-07-06 17:00:00,1.1437,162.17714,185.47641
2026-07-06 18:00:00,1.14456,162.02669,185.42213
2026-07-06 19:00:00,1.14421,162.04057,185.3969
2026-07-06 20:00:00,1.14412,162.09849,185.45606
2026-07-06 21:00:00,1.14463,162.08834,185.52345
2026-07-06 22:00:00,1.14449,162.0768,185.48995
2026-07-06 23:00:00,1.14422,162.09758,185.47667
2026-07-07 00:00:00,1.14396,162.10972,185.45451
2026-07-07 01:00:00,1.14438,161.86931,185.24225
2026-07-07 02:00:00,1.14399,161.92831,185.25553
2026-07-07 03:00:00,1.14366,161.87389,185.13237
2026-07-07 04:00:00,1.14362,161.77366,185.01312
2026-07-07 05:00:00,1.14322,161.86996,185.05666
2026-07-07 06:00:00,1.14281,162.02547,185.16559
2026-07-07 07:00:00,1.14261,161.97926,185.08042
2026-07-07 08:00:00,1.14287,161.90302,185.03434
2026-07-07 09:00:00,1.14251,161.94526,185.01979
2026-07-07 10:00:00,1.1434,161.9408,185.16087
2026-07-07 11:00:00,1.14345,161.91423,185.14807
2026-07-07 12:00:00,1.14357,161.84495,185.06388
2026-07-07 13:00:00,1.14359,161.88222,185.12681
2026-07-07 14:00:00,1.14337,161.94313,185.16115
2026-07-07 15:00:00,1.14232,161.92105,184.96654
2026-07-07 16:00:00,1.1423,161.93497,184.97868
2026-07-07 17:00:00,1.14298,161.89266,185.02613
2026-07-07 18:00:00,1.14215,161.91327,184.92065
2026-07-07 19:00:00,1.14164,162.08621,185.03452
2026-07-07 20:00:00,1.14121,162.11907,185.0142
2026-07-07 21:00:00,1.14085,162.17417,185.00832
2026-07-07 22:00:00,1.14071,162.18411,185.00626
2026-07-07 23:00:00,1.14005,162.34206,185.0846
2026-07-08 00:00:00,1.1409,162.33912,185.20017
2026-07-08 01:00:00,1.14061,162.34728,185.16949
2026-07-08 02:00:00,1.14117,162.36102,185.28242
2026-07-08 03:00:00,1.14143,162.35235,185.31198
2026-07-08 04:00:00,1.1415,162.37711,185.3537
2026-07-08 05:00:00,1.14192,162.3352,185.38377
2026-07-08 06:00:00,1.14216,162.20671,185.2751
2026-07-08 07:00:00,1.14266,162.20646,185.34697
2026-07-08 08:00:00,1.14109,162.4912,185.41219
2026-07-08 09:00:00,1.14055,162.4624,185.29235
2026-07-08 10:00:00,1.14091,162.47562,185.36282
2026-07-08 11:00:00,1.13975,162.54732,185.27273
2026-07-08 12:00:00,1.13982,162.51784,185.25192
2026-07-08 13:00:00,1.14103,162.52648,185.42355
2026-07-08 14:00:00,1.1408,162.61874,185.51087
2026-07-08 15:00:00,1.13955,162.66642,185.35997
2026-07-08 16:00:00,1.14142,162.54306,185.52767
2026-07-08 17:00:00,1.14198,162.54361,185.61599
2026-07-08 18:00:00,1.14264,162.47855,185.64721
2026-07-08 19:00:00,1.14288,162.48164,185.68772
2026-07-08 20:00:00,1.14169,162.64135,185.6822
2026-07-08 21:00:00,1.14183,162.56928,185.62544
2026-07-08 22:00:00,1.14194,162.56804,185.64335
2026-07-08 23:00:00,1.1422,162.55017,185.66445
2026-07-09 00:00:00,1.14259,162.44913,185.60559
2026-07-09 01:00:00,1.14246,162.46861,185.61572
2026-07-09 02:00:00,1.14248,162.47565,185.62655
2026-07-09 03:00:00,1.14268,162.45361,185.63563
2026-07-09 04:00:00,1.14269,162.43647,185.61561
2026-07-09 05:00:00,1.14313,162.37929,185.61974
2026-07-09 06:00:00,1.14405,162.30453,185.69371
2026-07-09 07:00:00,1.14326,162.37401,185.64961
2026-07-09 08:00:00,1.14257,162.38273,185.52836
2026-07-09 09:00:00,1.14316,162.40648,185.6621
2026-07-09 10:00:00,1.14232,162.49238,185.61256
2026-07-09 11:00:00,1.14292,162.484,185.70109
2026-07-09 12:00:00,1.14241,162.44592,185.57495
2026-07-09 13:00:00,1.14392,162.34177,185.70543
2026-07-09 14:00:00,1.14339,162.3712,185.63931
2026-07-09 15:00:00,1.14383,162.3031,185.64387
2026-07-09 16:00:00,1.14369,162.30902,185.62148
2026-07-09 17:00:00,1.14377,162.28921,185.60763
2026-07-09 18:00:00,1.14343,162.33851,185.61359
2026-07-09 19:00:00,1.14279,162.399,185.5953
2026-07-09 20:00:00,1.14307,162.39925,185.63057
2026-07-09 21:00:00,1.14306,162.39066,185.6282
2026-07-09 22:00:00,1.14341,162.35444,185.63789
2026-07-09 23:00:00,1.14332,162.37494,185.64076
2026-07-10 00:00:00,1.14418,161.99834,185.34162
2026-07-10 01:00:00,1.14488,161.73187,185.17532
2026-07-10 02:00:00,1.14585,161.44673,184.9984
2026-07-10 03:00:00,1.14494,161.54942,184.9815
2026-07-10 04:00:00,1.14412,161.65258,184.96157
2026-07-10 05:00:00,1.14403,161.60362,184.86514
2026-07-10 06:00:00,1.14432,161.59164,184.90921
2026-07-10 07:00:00,1.14378,161.70716,184.95625
2026-07-10 08:00:00,1.14316,161.69003,184.85255
2026-07-10 09:00:00,1.14288,161.8292,184.93119
2026-07-10 10:00:00,1.14334,161.74967,184.93759
2026-07-10 11:00:00,1.14314,161.85605,185.02868
2026-07-10 12:00:00,1.14281,161.80862,184.919
2026-07-10 13:00:00,1.14213,161.79777,184.77346
2026-07-10 14:00:00,1.14223,161.82382,184.8535
2026-07-10 15:00:00,1.14386,161.30851,184.50785
2026-07-10 16:00:00,1.14324,161.46825,184.58874
2026-07-10 17:00:00,1.14179,161.64395,184.55011
2026-07-10 18:00:00,1.14151,161.70738,184.58963
2026-07-10 19:00:00,1.14167,161.70499,184.61829
2026-07-10 20:00:00,1.14156,161.69838,184.58128
2026-07-10 21:00:00,1.14178,161.69351,184.62065
2026-07-10 22:00:00,1.14171,161.69098,184.60688
2026-07-10 23:00:00,1.14167,161.69464,184.61142
2026-07-11 00:00:00,1.14147,161.73844,184.61971
2026-07-11 01:00:00,1.14147,161.73814,184.619
2026-07-11 02:00:00,1.14098,161.73351,184.61233
2026-07-11 03:00:00,1.14147,161.73866,184.61816
2026-07-11 04:00:00,1.14148,161.73904,184.61901
2026-07-11 05:00:00,1.14145,161.74012,184.6148
2026-07-11 06:00:00,1.14146,161.7406,184.61684
2026-07-11 07:00:00,1.14118,161.73656,184.56488
2026-07-11 08:00:00,1.1414,161.74035,184.60681
2026-07-11 09:00:00,1.14128,161.74003,184.58674
2026-07-11 10:00:00,1.14148,161.73959,184.6193
2026-07-11 11:00:00,1.14119,161.73917,184.57021
2026-07-11 12:00:00,1.14156,161.72204,184.60717
2026-07-11 13:00:00,1.14167,161.74004,184.6469
2026-07-11 14:00:00,1.14169,161.74069,184.6507
2026-07-11 15:00:00,1.14176,161.7401,184.66129
2026-07-11 16:00:00,1.14158,161.72635,184.61863
2026-07-11 17:00:00,1.14181,161.73199,184.67242
2026-07-11 18:00:00,1.14165,161.71859,184.62261
2026-07-11 19:00:00,1.14172,161.71651,184.63518
2026-07-11 20:00:00,1.14176,161.68319,184.605
2026-07-11 21:00:00,1.1415,161.75084,184.63512
2026-07-11 22:00:00,1.1418,161.73676,184.67153
2026-07-11 23:00:00,1.14158,161.73864,184.63861
2026-07-12 00:00:00,1.1416,161.73828,184.64244
2026-07-12 01:00:00,1.14171,161.73552,184.65633
2026-07-12 02:00:00,1.14164,161.73912,184.64886
2026-07-12 03:00:00,1.1417,161.73975,184.65879
2026-07-12 04:00:00,1.14173,161.73967,184.66379
2026-07-12 05:00:00,1.14175,161.74047,184.66936
2026-07-12 06:00:00,1.14169,161.73583,184.65494
2026-07-12 07:00:00,1.14171,161.74041,184.65622
2026-07-12 08:00:00,1.14175,161.74041,184.66191
2026-07-12 09:00:00,1.14175,161.7388,184.66034
2026-07-12 10:00:00,1.14175,161.73958,184.6617
2026-07-12 11:00:00,1.14151,161.73933,184.62126
2026-07-12 12:00:00,1.142,161.77887,184.74923
2026-07-12 13:00:00,1.14165,162.22021,185.19192
2026-07-12 14:00:00,1.14135,161.85126,184.72159
2026-07-12 15:00:00,1.14158,161.83728,184.74929
2026-07-12 16:00:00,1.1415,161.73639,184.62076
2026-07-12 17:00:00,1.14189,161.80259,184.75287
2026-07-12 18:00:00,1.1417,161.74092,184.63645
2026-07-12 19:00:00,1.14047,161.71054,184.41039
2026-07-12 20:00:00,1.14108,161.7181,184.56804
2026-07-12 21:00:00,1.14039,161.78037,184.50231
2026-07-12 22:00:00,1.13951,162.03293,184.63504
2026-07-12 23:00:00,1.1404,161.91886,184.64614
2026-07-13 00:00:00,1.13963,162.05703,184.67927
2026-07-13 01:00:00,1.1397,161.98458,184.59001
2026-07-13 02:00:00,1.13956,162.07309,184.6894
2026-07-13 03:00:00,1.13989,162.07729,184.74901
2026-07-13 04:00:00,1.14052,161.97539,184.72896
2026-07-13 05:00:00,1.13979,162.25454,184.94331
2026-07-13 06:00:00,1.14019,162.24227,184.98438
2026-07-13 07:00:00,1.14237,162.12318,185.21772
2026-07-13 08:00:00,1.14364,162.08899,185.36724
2026-07-13 09:00:00,1.14305,162.00418,185.18062
2026-07-13 10:00:00,1.14351,162.08266,185.3402
2026-07-13 11:00:00,1.14276,162.12784,185.27439
2026-07-13 12:00:00,1.14293,162.12864,185.29841
2026-07-13 13:00:00,1.14158,162.20817,185.17184
2026-07-13 14:00:00,1.14036,162.40305,185.19076
2026-07-13 15:00:00,1.14042,162.31476,185.10199
2026-07-13 16:00:00,1.13884,162.46218,185.01256
2026-07-13 17:00:00,1.13873,162.45564,184.98875
2026-07-13 18:00:00,1.13872,162.37745,184.89267
2026-07-13 19:00:00,1.13832,162.46755,184.93838
2026-07-13 20:00:00,1.13805,162.45909,184.89303
2026-07-13 21:00:00,1.13843,162.45195,184.94232
2026-07-13 22:00:00,1.13818,162.45094,184.89627
2026-07-13 23:00:00,1.13833,162.42801,184.89689
2026-07-14 00:00:00,1.13866,162.37056,184.89402
2026-07-14 01:00:00,1.13905,162.40131,184.98894
2026-07-14 02:00:00,1.13913,162.33119,184.91929
2026-07-14 03:00:00,1.13935,162.2858,184.89743
2026-07-14 04:00:00,1.13905,162.32341,184.89984
2026-07-14 05:00:00,1.13914,162.30204,184.89245
2026-07-14 06:00:00,1.13877,162.34343,184.86227
2026-07-14 07:00:00,1.13956,162.34982,185.00589
2026-07-14 08:00:00,1.14003,162.27914,185.00167
2026-07-14 09:00:00,1.14014,162.19363,184.91292
2026-07-14 10:00:00,1.13918,162.2648,184.84253
2026-07-14 11:00:00,1.14065,162.20105,185.00943
2026-07-14 12:00:00,1.14427,161.94982,185.30324
2026-07-14 13:00:00,1.14524,161.93214,185.44362
2026-07-14 14:00:00,1.14463,161.96242,185.38712
2026-07-14 15:00:00,1.14272,162.16281,185.31277
2026-07-14 16:00:00,1.14326,162.1224,185.34523
2026-07-14 17:00:00,1.14236,162.19266,185.27044
2026-07-14 18:00:00,1.14231,162.21248,185.28995
2026-07-14 19:00:00,1.14222,162.20798,185.26546
2026-07-14 20:00:00,1.14211,162.27224,185.33283
2026-07-14 21:00:00,1.14199,162.22802,185.2606
2026-07-14 22:00:00,1.14209,162.24007,185.29336
2026-07-14 23:00:00,1.14242,162.19291,185.28893
2026-07-15 00:00:00,1.14344,162.08751,185.32877
2026-07-15 01:00:00,1.14356,162.10819,185.38245
2026-07-15 02:00:00,1.14418,162.09505,185.47123
2026-07-15 03:00:00,1.14381,162.144,185.46362
2026-07-15 04:00:00,1.14369,162.21492,185.52236
2026-07-15 05:00:00,1.14413,162.20777,185.59932
2026-07-15 06:00:00,1.14301,162.20669,185.39635
2026-07-15 07:00:00,1.14231,162.27511,185.36533
2026-07-15 08:00:00,1.14243,162.30298,185.41572
2026-07-15 09:00:00,1.14181,162.3624,185.38965
2026-07-15 10:00:00,1.14137,162.36295,185.31489
2026-07-15 11:00:00,1.14123,162.34859,185.27461
2026-07-15 12:00:00,1.14295,162.17078,185.34345
2026-07-15 13:00:00,1.14341,162.17497,185.44048
2026-07-15 14:00:00,1.1437,162.13611,185.42282
2026-07-15 15:00:00,1.1436,162.13318,185.40572
2026-07-15 16:00:00,1.14413,162.17789,185.53438
2026-07-15 17:00:00,1.14747,161.99991,185.88649
2026-07-15 18:00:00,1.14675,162.04206,185.82437
2026-07-15 19:00:00,1.14641,162.21644,185.96463
2026-07-15 20:00:00,1.14633,162.19604,185.93074
2026-07-15 21:00:00,1.1464,162.13226,185.86924
2026-07-15 22:00:00,1.14664,162.14187,185.92062
2026-07-15 23:00:00,1.14706,162.06169,185.88615
2026-07-16 00:00:00,1.14743,162.09351,185.99531
2026-07-16 01:00:00,1.14649,162.12088,185.87811
2026-07-16 02:00:00,1.14638,162.166,185.914
2026-07-16 03:00:00,1.14659,162.11062,185.87941
2026-07-16 04:00:00,1.14666,162.09501,185.86465
2026-07-16 05:00:00,1.14626,162.18136,185.91959
2026-07-16 06:00:00,1.14692,162.12383,185.9397
2026-07-16 07:00:00,1.14695,162.10046,185.9106
2026-07-16 08:00:00,1.14656,162.15045,185.90932
2026-07-16 09:00:00,1.14661,162.17606,185.9605
2026-07-16 10:00:00,1.14605,162.14022,185.82245
2026-07-16 11:00:00,1.14686,162.17271,185.99085
2026-07-16 12:00:00,1.1448,162.29961,185.79105
2026-07-16 13:00:00,1.1451,162.34541,185.89587
2026-07-16 14:00:00,1.14438,162.45223,185.90301
2026-07-16 15:00:00,1.14467,162.43287,185.92488
2026-07-16 16:00:00,1.14361,162.48824,185.80933
2026-07-16 17:00:00,1.1437,162.41701,185.75007
2026-07-16 18:00:00,1.14384,162.39098,185.74614
2026-07-16 19:00:00,1.14405,162.40251,185.79021
2026-07-16 20:00:00,1.14431,162.37882,185.80701
2026-07-16 21:00:00,1.14415,162.39343,185.82695
2026-07-16 22:00:00,1.14436,162.37314,185.81494
2026-07-16 23:00:00,1.14445,162.39222,185.85131
2026-07-17 00:00:00,1.14463,162.42566,185.91325
2026-07-17 01:00:00,1.1439,162.47264,185.8464
2026-07-17 02:00:00,1.14372,162.37068,185.70992
2026-07-17 03:00:00,1.14391,162.4036,185.78262
2026-07-17 04:00:00,1.14362,162.41935,185.74462
2026-07-17 05:00:00,1.14398,162.41233,185.79669
2026-07-17 06:00:00,1.14503,162.26019,185.80714
2026-07-17 07:00:00,1.14458,162.28013,185.73325
2026-07-17 08:00:00,1.14421,162.37584,185.78373
2026-07-17 09:00:00,1.14404,162.37397,185.75941
2026-07-17 10:00:00,1.14271,162.36726,185.53769
2026-07-17 11:00:00,1.14315,162.3644,185.59913
2026-07-17 12:00:00,1.14279,162.41575,185.59671
2026-07-17 13:00:00,1.14358,162.35464,185.65545
2026-07-17 14:00:00,1.14399,162.41335,185.79992
2026-07-17 15:00:00,1.14396,162.44295,185.81642
2026-07-17 16:00:00,1.14382,162.46876,185.82991
2026-07-17 17:00:00,1.14348,162.45875,185.76404
2026-07-17 18:00:00,1.1437,162.43641,185.77966
2026-07-17 19:00:00,1.14412,162.38749,185.78362
2026-07-17 20:00:00,1.14377,162.41068,185.76071
2026-07-17 21:00:00,1.14391,162.44083,185.81209
2026-07-17 22:00:00,1.14386,162.43176,185.80188
2026-07-17 23:00:00,1.14384,162.43507,185.83129
2026-07-18 00:00:00,1.14378,162.41074,185.77063
2026-07-18 01:00:00,1.14376,162.41015,185.76979
2026-07-18 02:00:00,1.14379,162.40985,185.77237
2026-07-18 03:00:00,1.14377,162.40972,185.76139
2026-07-18 04:00:00,1.1438,162.4102,185.76595
2026-07-18 05:00:00,1.1438,162.41251,185.77035
2026-07-18 06:00:00,1.14379,162.41258,185.76915
2026-07-18 07:00:00,1.1438,162.41528,185.7665
2026-07-18 08:00:00,1.14383,162.41259,185.76764
2026-07-18 09:00:00,1.14384,162.41231,185.76885
2026-07-18 10:00:00,1.14384,162.41204,185.75916
2026-07-18 11:00:00,1.14378,162.41147,185.75577
2026-07-18 12:00:00,1.14383,162.41759,185.77435
2026-07-18 13:00:00,1.14378,162.41213,185.75598
2026-07-18 14:00:00,1.14382,162.41253,185.76159
2026-07-18 15:00:00,1.14392,162.40952,185.77876
2026-07-18 16:00:00,1.14386,162.40848,185.77127
2026-07-18 17:00:00,1.14403,162.40446,185.80054
2026-07-18 18:00:00,1.14378,162.40811,185.75875
2026-07-18 19:00:00,1.14379,162.40784,185.76065
2026-07-18 20:00:00,1.14387,162.42568,185.79387
2026-07-18 21:00:00,1.14392,162.41364,185.79028
2026-07-18 22:00:00,1.14391,162.40857,185.80255
2026-07-18 23:00:00,1.14397,162.40918,185.79529
2026-07-19 00:00:00,1.14387,162.41053,185.78023
2026-07-19 01:00:00,1.14382,162.41195,185.77601
2026-07-19 02:00:00,1.14375,162.41103,185.76109
2026-07-19 03:00:00,1.14382,162.41156,185.77217
2026-07-19 04:00:00,1.14394,162.41269,185.79055
2026-07-19 05:00:00,1.14397,162.41241,185.79485
2026-07-19 06:00:00,1.14396,162.41507,185.79299
2026-07-19 07:00:00,1.14397,162.41172,185.79009
2026-07-19 08:00:00,1.14401,162.41304,185.79999
2026-07-19 09:00:00,1.14402,162.42427,185.81131
2026-07-19 10:00:00,1.14394,162.41627,185.79066
2026-07-19 11:00:00,1.14377,162.45855,185.809
2026-07-19 12:00:00,1.14379,162.41223,185.7609
2026-07-19 13:00:00,1.14376,162.45525,185.80154
2026-07-19 14:00:00,1.1439,162.44436,185.81651
2026-07-19 15:00:00,1.14386,162.44697,185.8119
2026-07-19 16:00:00,1.14383,162.40836,185.76608
2026-07-19 17:00:00,1.14398,162.40711,185.78841
2026-07-19 18:00:00,1.14126,162.38461,185.33086
2026-07-19 19:00:00,1.14342,162.47017,185.78768
2026-07-19 20:00:00,1.14316,162.44271,185.78466
2026-07-19 21:00:00,1.14302,162.41671,185.65928
2026-07-19 22:00:00,1.14266,162.50812,185.69348
2026-07-19 23:00:00,1.14268,162.54013,185.73125
2026-07-20 00:00:00,1.14338,162.34707,185.619
2026-07-20 01:00:00,1.14363,162.36049,185.68039
2026-07-20 02:00:00,1.14412,162.37069,185.77164
2026-07-20 03:00:00,1.14419,162.37284,185.78829
2026-07-20 04:00:00,1.14442,162.34521,185.79485
2026-07-20 05:00:00,1.14407,162.37956,185.7698
2026-07-20 06:00:00,1.14356,162.41786,185.72863
2026-07-20 07:00:00,1.14443,162.37505,185.82257
2026-07-20 08:00:00,1.14391,162.37301,185.73573
2026-07-20 09:00:00,1.14296,162.43195,185.64743
2026-07-20 10:00:00,1.14336,162.40444,185.66689
2026-07-20 11:00:00,1.14288,162.35405,185.54356
2026-07-20 12:00:00,1.14241,162.41171,185.53614
2026-07-20 13:00:00,1.14183,162.46346,185.50079
2026-07-20 14:00:00,1.14079,162.52295,185.38438
2026-07-20 15:00:00,1.14119,162.571,185.52108
2026-07-20 16:00:00,1.14119,162.53814,185.48065
2026-07-20 17:00:00,1.14148,162.46344,185.45042
2026-07-20 18:00:00,1.1415,162.52012,185.51795
2026-07-20 19:00:00,1.14163,162.5112,185.51962
2026-07-20 20:00:00,1.14146,162.50821,185.49559
2026-07-20 21:00:00,1.14117,162.49946,185.44199
2026-07-20 22:00:00,1.14128,162.50535,185.46764
2026-07-20 23:00:00,1.14159,162.48873,185.49367
2026-07-21 00:00:00,1.14144,162.52762,185.52421
2026-07-21 01:00:00,1.14147,162.51938,185.51945
2026-07-21 02:00:00,1.14115,162.49148,185.42846
2026-07-21 03:00:00,1.14128,162.48826,185.44095
2026-07-21 04:00:00,1.14184,162.49862,185.54285
2026-07-21 05:00:00,1.14185,162.52172,185.57187
2026-07-21 06:00:00,1.14221,162.5432,185.6512
2026-07-21 07:00:00,1.14234,162.61349,185.76358
2026-07-21 08:00:00,1.14211,162.69206,185.80703
2026-07-21 09:00:00,1.14234,162.68757,185.84123
2026-07-21 10:00:00,1.14207,162.67553,185.7883
2026-07-21 11:00:00,1.1419,162.75148,185.84031
2026-07-21 12:00:00,1.14175,162.73871,185.79459
2026-07-21 13:00:00,1.14116,162.87211,185.85059
2026-07-21 14:00:00,1.14067,163.00507,185.91843
2026-07-21 15:00:00,1.1407,163.03552,185.97012
2026-07-21 16:00:00,1.14089,163.01281,185.97281
2026-07-21 17:00:00,1.14073,163.03358,185.97172
2026-07-21 18:00:00,1.14028,163.20497,186.10023
2026-07-21 19:00:00,1.14023,163.21252,186.09417
2026-07-21 20:00:00,1.13979,163.20868,186.02368
2026-07-21 21:00:00,1.14026,163.17495,186.05683
2026-07-21 22:00:00,1.14,163.21315,186.05643
2026-07-21 23:00:00,1.1402,163.20126,186.08127
2026-07-22 00:00:00,1.14042,163.15233,186.06386
2026-07-22 01:00:00,1.14033,163.16363,186.06128
2026-07-22 02:00:00,1.14064,163.12019,186.06993
2026-07-22 03:00:00,1.14078,163.16305,186.12844
2026-07-22 04:00:00,1.14086,163.17793,186.16053
2026-07-22 05:00:00,1.14081,163.09513,186.06062
2026-07-22 06:00:00,1.14113,163.1065,186.11443
2026-07-22 07:00:00,1.14095,162.94119,185.9158
2026-07-22 08:00:00,1.14104,162.96586,185.94007
2026-07-22 09:00:00,1.14048,163.05235,185.95248
2026-07-22 10:00:00,1.14068,163.02042,185.92922
2026-07-22 11:00:00,1.14065,163.07631,186.01436
2026-07-22 12:00:00,1.1409,163.10297,186.08775
2026-07-22 13:00:00,1.14132,163.07998,186.11949
2026-07-22 14:00:00,1.14111,163.10405,186.11543
2026-07-22 15:00:00,1.14131,163.0819,186.13155
2026-07-22 16:00:00,1.14099,163.10684,186.09916
2026-07-22 17:00:00,1.14107,163.15239,186.16855
2026-07-22 18:00:00,1.14113,163.13498,186.15714
2026-07-22 19:00:00,1.14115,163.14756,186.1749
2026-07-22 20:00:00,1.14128,163.16135,186.21537
2026-07-22 21:00:00,1.1409,163.12526,186.10313
2026-07-22 22:00:00,1.14077,163.12616,186.09955
2026-07-22 23:00:00,1.1412,163.10312,186.13545
2026-07-23 00:00:00,1.14167,163.07458,186.18582
2026-07-23 01:00:00,1.14165,163.05976,186.15811
2026-07-23 02:00:00,1.14281,163.07049,186.35546
2026-07-23 03:00:00,1.14297,163.0506,186.36878
2026-07-23 04:00:00,1.14327,163.07855,186.44489
2026-07-23 05:00:00,1.14309,163.11132,186.44768
2026-07-23 06:00:00,1.14254,163.11481,186.36491
2026-07-23 07:00:00,1.14252,163.31303,186.58845
2026-07-23 08:00:00,1.14112,163.35531,186.41115
2026-07-23 09:00:00,1.14138,163.37981,186.47197
2026-07-23 10:00:00,1.14049,163.37891,186.32701
2026-07-23 11:00:00,1.1395,163.49346,186.30018
2026-07-23 12:00:00,1.13858,163.67799,186.35257
2026-07-23 13:00:00,1.13749,163.94674,186.48566
2026-07-23 14:00:00,1.13708,163.95245,186.44084
2026-07-23 15:00:00,1.13721,163.82524,186.29819
2026-07-23 16:00:00,1.13802,163.77465,186.37565
2026-07-23 17:00:00,1.13722,163.84413,186.32781
2026-07-23 18:00:00,1.1375,163.81658,186.33466
2026-07-23 19:00:00,1.13785,163.81821,186.39155
2026-07-23 20:00:00,1.13779,163.87039,186.448
2026-07-23 21:00:00,1.13767,163.81469,186.36202
2026-07-23 22:00:00,1.13796,163.84796,186.45981
2026-07-23 23:00:00,1.13774,163.85572,186.42926
2026-07-24 00:00:00,1.13832,163.85523,186.5341
2026-07-24 01:00:00,1.13838,163.77754,186.45047
2026-07-24 02:00:00,1.13827,163.77465,186.43183
2026-07-24 03:00:00,1.13822,163.80967,186.45874
2026-07-24 04:00:00,1.13791,163.83019,186.41509
2026-07-24 05:00:00,1.13782,163.8434,186.42574
2026-07-24 06:00:00,1.13852,163.78214,186.47629
2026-07-24 07:00:00,1.13908,163.77845,186.54473
2026-07-24 08:00:00,1.13827,163.74568,186.39022
2026-07-24 09:00:00,1.13881,163.69225,186.40424
2026-07-24 10:00:00,1.1384,163.7922,186.46219
2026-07-24 11:00:00,1.13747,163.8086,186.31757
2026-07-24 12:00:00,1.13697,163.86312,186.30747
2026-07-24 13:00:00,1.13767,163.79736,186.33906
2026-07-24 14:00:00,1.138,163.74318,186.31377
2026-07-24 15:00:00,1.13836,163.73446,186.3847
2026-07-24 16:00:00,1.13788,163.78019,186.36445
2026-07-24 17:00:00,1.13701,163.81982,186.25296
2026-07-24 18:00:00,1.13702,163.83986,186.29209
2026-07-24 19:00:00,1.13705,163.85189,186.30677
2026-07-24 20:00:00,1.13723,163.85393,186.34358
2026-07-24 21:00:00,1.13758,163.84366,186.39988
2026-07-24 22:00:00,1.13761,163.84042,186.39234
2026-07-24 23:00:00,1.13761,163.84043,186.39728
2026-07-25 00:00:00,1.13762,163.85289,186.40933
2026-07-25 01:00:00,1.1376,163.85321,186.40515
2026-07-25 02:00:00,1.13745,163.85384,186.381
2026-07-25 03:00:00,1.13753,163.85593,186.39371
2026-07-25 04:00:00,1.13758,163.8553,186.40021
2026-07-25 05:00:00,1.13748,163.85562,186.38247
2026-07-25 06:00:00,1.13755,163.85622,186.39483
2026-07-25 07:00:00,1.13761,163.85689,186.40425
2026-07-25 08:00:00,1.13766,163.85723,186.41253
2026-07-25 09:00:00,1.13752,163.85753,186.38396
2026-07-25 10:00:00,1.13737,163.85763,186.35699
2026-07-25 11:00:00,1.13758,163.84497,186.37679
2026-07-25 12:00:00,1.13763,163.85145,186.39886
2026-07-25 13:00:00,1.13747,163.84488,186.36034
2026-07-25 14:00:00,1.13737,163.85662,186.35688
2026-07-25 15:00:00,1.13749,163.85644,186.37751
2026-07-25 16:00:00,1.13762,163.85681,186.40054
2026-07-25 17:00:00,1.13765,163.85763,186.40733
2026-07-25 18:00:00,1.13762,163.85696,186.40117
2026-07-25 19:00:00,1.13733,163.83824,186.33793
2026-07-25 20:00:00,1.13742,163.8532,186.37348
2026-07-25 21:00:00,1.13738,163.85286,186.36731
2026-07-25 22:00:00,1.13737,163.85277,186.40864
2026-07-25 23:00:00,1.13761,163.85287,186.4064
2026-07-26 00:00:00,1.13751,163.85577,186.39376
2026-07-26 01:00:00,1.13764,163.84981,186.40824
2026-07-26 02:00:00,1.1373,163.85389,186.35641
2026-07-26 03:00:00,1.1373,163.85573,186.35594
2026-07-26 04:00:00,1.13749,163.85516,186.38596
2026-07-26 05:00:00,1.13746,163.8558,186.3796
2026-07-26 06:00:00,1.13755,163.85714,186.39524
2026-07-26 07:00:00,1.13768,163.85673,186.4155
2026-07-26 08:00:00,1.1375,163.85798,186.38617
2026-07-26 09:00:00,1.13756,163.85363,186.38642
2026-07-26 10:00:00,1.13748,163.85515,186.37272
2026-07-26 11:00:00,1.13724,163.63765,186.08584
2026-07-26 12:00:00,1.13724,163.63728,186.08595
2026-07-26 13:00:00,1.13725,163.60047,186.04731
2026-07-26 14:00:00,1.13732,163.86179,186.35558
2026-07-26 15:00:00,1.13714,163.8533,186.31693
2026-07-26 16:00:00,1.1368,163.85737,186.26727
2026-07-26 17:00:00,1.13732,163.85756,186.35316
2026-07-26 18:00:00,1.13735,163.83764,186.33451
2026-07-26 19:00:00,1.13854,163.79329,186.47699
2026-07-26 20:00:00,1.13902,163.64056,186.12888
2026-07-26 21:00:00,1.13903,163.62795,186.38583
2026-07-26 22:00:00,1.13888,163.70603,186.44943
2026-07-26 23:00:00,1.13953,163.61439,186.45213
2026-07-27 00:00:00,1.14022,163.63762,186.59064
2026-07-27 01:00:00,1.14131,163.50212,186.58242
2026-07-27 02:00:00,1.14059,163.57667,186.57391
2026-07-27 03:00:00,1.14037,163.58027,186.54905
2026-07-27 04:00:00,1.14043,163.58214,186.55011
2026-07-27 05:00:00,1.14065,163.58805,186.59027
2026-07-27 06:00:00,1.14098,163.52222,186.58412
2026-07-27 07:00:00,1.13989,163.5096,186.3708
2026-07-27 08:00:00,1.14031,163.52277,186.46647
2026-07-27 09:00:00,1.13967,163.52908,186.37964
2026-07-27 10:00:00,1.13954,163.59985,186.43309
2026-07-27 11:00:00,1.13868,163.64898,186.34752
2026-07-27 12:00:00,1.13855,163.69313,186.3671
2026-07-27 13:00:00,1.13732,163.75345,186.23131
2026-07-27 14:00:00,1.13723,163.72753,186.19972
2026-07-27 15:00:00,1.13764,163.70372,186.22583
2026-07-27 16:00:00,1.13803,163.64772,186.23227
2026-07-27 17:00:00,1.13727,163.73119,186.20004
2026-07-27 18:00:00,1.13681,163.7863,186.17772
2026-07-27 19:00:00,1.13707,163.73559,186.1765
2026-07-27 20:00:00,1.13681,163.74729,186.15432
2026-07-27 21:00:00,1.13696,163.72749,186.20157
2026-07-27 22:00:00,1.13687,163.75345,186.17828
2026-07-27 23:00:00,1.13695,163.77744,186.20808
2026-07-28 00:00:00,1.1374,163.76852,186.27426
2026-07-28 01:00:00,1.13734,163.77542,186.26691
2026-07-28 02:00:00,1.1378,163.71838,186.27601
2026-07-28 03:00:00,1.1374,163.76718,186.27905
2026-07-28 04:00:00,1.13681,163.75621,186.16739
2026-07-28 05:00:00,1.13663,163.74123,186.11485
2026-07-28 06:00:00,1.13694,163.69881,186.11385
2026-07-28 07:00:00,1.1365,163.79052,186.14415
2026-07-28 08:00:00,1.13723,163.83081,186.31423
2026-07-28 09:00:00,1.13568,163.88962,186.1304
2026-07-28 10:00:00,1.13607,163.94059,186.24256
2026-07-28 11:00:00,1.13675,163.93578,186.34297
2026-07-28 12:00:00,1.13672,163.88954,186.29266
2026-07-28 13:00:00,1.13719,163.83525,186.29444
2026-07-28 14:00:00,1.13862,163.8782,186.59075
2026-07-28 15:00:00,1.14004,163.66994,186.57612
2026-07-28 16:00:00,1.13962,163.75031,186.60841
2026-07-28 17:00:00,1.13889,163.81594,186.56845
2026-07-28 18:00:00,1.13867,163.86283,186.58647
2026-07-28 19:00:00,1.13875,163.86279,186.61473
2026-07-28 20:00:00,1.13866,163.86954,186.58448
2026-07-28 21:00:00,1.13906,163.82598,186.60981
2026-07-28 22:00:00,1.13856,163.85247,186.55799
2026-07-28 23:00:00,1.13864,163.87251,186.58842
2026-07-29 00:00:00,1.1391,163.69888,186.45986
2026-07-29 01:00:00,1.1391,163.72292,186.5011
2026-07-29 02:00:00,1.13958,163.71904,186.57658
2026-07-29 03:00:00,1.13965,163.62873,186.47605
2026-07-29 04:00:00,1.14009,163.43335,186.33706
2026-07-29 05:00:00,1.13983,163.48093,186.35094
2026-07-29 06:00:00,1.13925,163.52782,186.30432
2026-07-29 07:00:00,1.13982,163.69319,186.57696
2026-07-29 08:00:00,1.13959,163.59767,186.42791
2026-07-29 09:00:00,1.13922,163.61026,186.38243
2026-07-29 10:00:00,1.13852,163.66805,186.33268
2026-07-29 11:00:00,1.13812,163.67059,186.27097
2026-07-29 12:00:00,1.13776,163.81835,186.382
2026-07-29 13:00:00,1.13915,163.76818,186.52972
2026-07-29 14:00:00,1.13822,163.8795,186.52356
2026-07-29 15:00:00,1.13824,163.87178,186.51869
2026-07-29 16:00:00,1.13857,163.89778,186.60014
2026-07-29 17:00:00,1.13967,163.79309,186.66498
2026-07-29 18:00:00,1.1451,163.35639,187.06047
2026-07-29 19:00:00,1.14494,163.51216,187.19348
2026-07-29 20:00:00,1.1467,163.43712,187.41543
2026-07-29 21:00:00,1.14604,163.42362,187.31082
2026-07-29 22:00:00,1.14716,163.38844,187.42954
2026-07-29 23:00:00,1.14675,163.32748,187.31139
2026-07-30 00:00:00,1.14583,163.48769,187.32294
2026-07-30 01:00:00,1.14529,163.50892,187.27202
2026-07-30 02:00:00,1.14535,163.48104,187.24605
2026-07-30 03:00:00,1.145,163.50477,187.21178
2026-07-30 04:00:00,1.14508,163.51193,187.23138
2026-07-30 05:00:00,1.14498,163.54206,187.25036
2026-07-30 06:00:00,1.14476,163.63319,187.31658
2026-07-30 07:00:00,1.14375,163.73418,187.2649
2026-07-30 08:00:00,1.14474,163.66031,187.34326
2026-07-30 09:00:00,1.1466,163.30232,187.23209
2026-07-30 10:00:00,1.14753,162.8354,186.83959
2026-07-30 11:00:00,1.14747,162.89211,186.90148
2026-07-30 12:00:00,1.14756,162.94796,186.97232
2026-07-30 13:00:00,1.15206,159.97605,184.29699
2026-07-30 14:00:00,1.15045,159.31368,183.28728
2026-07-30 15:00:00,1.15217,159.44265,183.70892
2026-07-30 16:00:00,1.15273,159.61022,183.97234
2026-07-30 17:00:00,1.15287,159.04253,183.3494
2026-07-30 18:00:00,1.15344,159.03966,183.4216
2026-07-30 19:00:00,1.15319,159.32558,183.7302
2026-07-30 20:00:00,1.15276,159.54396,183.92567
2026-07-30 21:00:00,1.1526,159.61545,183.96482
2026-07-30 22:00:00,1.15283,159.70484,184.11196
2026-07-30 23:00:00,1.15239,160.17454,184.57626
2026-07-31 00:00:00,1.15186,160.50827,184.88628
2026-07-31 01:00:00,1.15106,160.73653,185.02205
2026-07-31 02:00:00,1.15122,160.55943,184.83427
2026-07-31 03:00:00,1.15137,160.60466,184.90256
2026-07-31 04:00:00,1.15085,160.67352,184.92632
2026-07-31 05:00:00,1.1507,160.59947,184.79524
2026-07-31 06:00:00,1.15187,160.25312,184.58028
2026-07-31 07:00:00,1.15141,160.36336,184.63991
2026-07-31 08:00:00,1.15258,158.64483,182.83542
2026-07-31 09:00:00,1.15053,160.0464,184.14034
2026-07-31 10:00:00,1.15017,160.00996,184.03124
2026-07-31 11:00:00,1.14865,160.20536,184.01543
2026-07-31 12:00:00,1.14889,160.35264,184.22912
2026-07-31 13:00:00,1.14687,159.49686,182.91554
2026-07-31 14:00:00,1.15056,159.2295,183.22531
2026-07-31 15:00:00,1.15156,159.17933,183.31337
2026-07-31 16:00:00,1.15178,159.34269,183.52626
2026-07-31 17:00:00,1.15345,158.45822,182.77882
2026-07-31 18:00:00,1.15311,158.92325,183.24496
2026-07-31 19:00:00,1.15318,159.12776,183.51305
2026-07-31 20:00:00,1.15304,157.46124,181.56653
2026-07-31 21:00:00,1.15312,157.46256,181.57599
2026-07-31 22:00:00,1.15331,157.49879,181.69659
2026-07-31 23:00:00,1.15331,157.49927,181.66418
2026-08-01 00:00:00,1.1529,157.655,181.76726
2026-08-01 01:00:00,1.1529,157.65741,181.7675
2026-08-01 02:00:00,1.15291,157.65146,181.76277
2026-08-01 03:00:00,1.15293,157.65616,181.76571
2026-08-01 04:00:00,1.15294,157.65754,181.7686
2026-08-01 05:00:00,1.15294,157.65782,181.76838
2026-08-01 06:00:00,1.15295,157.65862,181.76886
2026-08-01 07:00:00,1.15294,157.64876,181.76429
2026-08-01 08:00:00,1.15296,157.65902,181.76949
2026-08-01 09:00:00,1.15296,157.65903,181.76906
2026-08-01 10:00:00,1.15294,157.65833,181.7661
2026-08-01 11:00:00,1.15293,157.65678,181.76416
2026-08-01 12:00:00,1.15309,157.60887,181.72076
2026-08-01 13:00:00,1.15296,157.65704,181.76607
2026-08-01 14:00:00,1.15313,157.65813,181.79389
2026-08-01 15:00:00,1.15326,157.65574,181.81695
2026-08-01 16:00:00,1.15305,157.65905,181.78079
2026-08-01 17:00:00,1.15315,157.63616,181.78825
2026-08-01 18:00:00,1.15308,157.65812,181.78736
2026-08-01 19:00:00,1.15309,157.55421,181.6869
2026-08-01 20:00:00,1.15332,157.62017,181.78902
2026-08-01 21:00:00,1.15309,157.65212,181.77881
2026-08-01 22:00:00,1.15319,157.65451,181.87859
2026-08-01 23:00:00,1.15342,157.65014,181.8408
2026-08-02 00:00:00,1.1534,157.65723,181.84179
2026-08-02 01:00:00,1.15351,157.6121,181.80874
2026-08-02 02:00:00,1.15326,157.65645,181.82086
2026-08-02 03:00:00,1.15341,157.65712,181.84477
2026-08-02 04:00:00,1.1535,157.63244,181.82896
2026-08-02 05:00:00,1.15357,157.62837,181.83453
2026-08-02 06:00:00,1.1534,157.64235,181.82282
2026-08-02 07:00:00,1.15347,157.65266,181.84359
2026-08-02 08:00:00,1.15355,157.64756,181.84968
2026-08-02 09:00:00,1.15356,157.51528,181.69845
2026-08-02 10:00:00,1.15356,157.48919,181.66947
2026-08-02 11:00:00,1.15319,157.74706,181.90879
2026-08-02 12:00:00,1.15319,157.74662,181.90937
2026-08-02 13:00:00,1.15272,157.87806,181.98708
2026-08-02 14:00:00,1.15284,157.49021,181.55334
2026-08-02 15:00:00,1.15283,157.7306,181.82994
2026-08-02 16:00:00,1.15264,157.65562,181.71521
2026-08-02 17:00:00,1.15288,157.65506,181.75634
2026-08-02 18:00:00,1.15293,157.44285,181.53752
2026-08-02 19:00:00,1.15294,157.2087,181.26683
2026-08-02 20:00:00,1.15318,157.22446,181.30283
2026-08-02 21:00:00,1.15485,157.51307,181.89661
2026-08-02 22:00:00,1.15488,157.28957,181.64693
2026-08-02 23:00:00,1.15429,157.61112,181.93435
2026-08-03 00:00:00,1.15421,156.16913,180.25415
2026-08-03 01:00:00,1.15312,156.36246,180.31656
2026-08-03 02:00:00,1.15319,156.44063,180.40579
2026-08-03 03:00:00,1.15299,156.52974,180.47575
2026-08-03 04:00:00,1.15344,156.4713,180.47546
2026-08-03 05:00:00,1.15369,156.40095,180.43263
2026-08-03 06:00:00,1.15266,156.80978,180.75017
2026-08-03 07:00:00,1.15269,156.79179,180.72236
2026-08-03 08:00:00,1.15226,156.98219,180.8913
2026-08-03 09:00:00,1.15238,157.06639,181.02969
2026-08-03 10:00:00,1.15234,156.82621,180.7077
2026-08-03 11:00:00,1.15319,156.69232,180.68588
2026-08-03 12:00:00,1.15288,156.77241,180.75731
2026-08-03 13:00:00,1.15261,156.51123,180.3925
2026-08-03 14:00:00,1.15155,156.53321,180.24554
2026-08-03 15:00:00,1.15098,156.96446,180.66781
2026-08-03 16:00:00,1.15079,156.87284,180.53131
2026-08-03 17:00:00,1.15019,157.03562,180.62039
2026-08-03 18:00:00,1.15144,156.73596,180.46847
2026-08-03 19:00:00,1.15097,156.95113,180.6487
2026-08-03 20:00:00,1.15085,157.20071,180.92361
2026-08-03 21:00:00,1.15093,157.19678,180.92621
2026-08-03 22:00:00,1.15089,157.36554,181.11413
2026-08-03 23:00:00,1.15072,157.56146,181.30561
2026-08-04 00:00:00,1.15059,157.48717,181.20588
2026-08-04 01:00:00,1.15132,157.58439,181.43077
2026-08-04 02:00:00,1.15087,157.72792,181.52468
2026-08-04 03:00:00,1.15081,157.66484,181.44508
2026-08-04 04:00:00,1.15107,157.54897,181.34883
2026-08-04 05:00:00,1.15066,157.70971,181.47572
2026-08-04 06:00:00,1.1507,157.68527,181.44606
2026-08-04 07:00:00,1.1511,157.81694,181.65901
2026-08-04 08:00:00,1.15079,157.81162,181.60787
2026-08-04 09:00:00,1.15074,157.92257,181.7283
2026-08-04 10:00:00,1.15147,157.8218,181.73154
2026-08-04 11:00:00,1.15199,157.48453,181.397
2026-08-04 12:00:00,1.15153,157.50078,181.37093
2026-08-04 13:00:00,1.15244,157.42791,181.4319
2026-08-04 14:00:00,1.15228,157.58154,181.59404
2026-08-04 15:00:00,1.15261,157.43501,181.45247
2026-08-04 16:00:00,1.15189,157.59078,181.51566
2026-08-04 17:00:00,1.15252,157.60543,181.62888
2026-08-04 18:00:00,1.15317,157.65652,181.78834
2026-08-04 19:00:00,1.15315,157.74871,181.90539
2026-08-04 20:00:00,1.15332,157.73525,181.9092
2026-08-04 21:00:00,1.15296,157.74472,181.88355
2026-08-04 22:00:00,1.15327,157.73004,181.90379
2026-08-04 23:00:00,1.15325,157.72471,181.88925
2026-08-05 00:00:00,1.15313,157.55209,181.68532
2026-08-05 01:00:00,1.15274,157.6449,181.72587
2026-08-05 02:00:00,1.15355,157.43835,181.60217
2026-08-05 03:00:00,1.15376,157.42695,181.6292
2026-08-05 04:00:00,1.15354,157.65052,181.86091
2026-08-05 05:00:00,1.15368,157.64722,181.87041
2026-08-05 06:00:00,1.15446,157.62717,181.98255
2026-08-05 07:00:00,1.15393,157.71587,181.99078
2026-08-05 08:00:00,1.15368,157.81931,182.0572
2026-08-05 09:00:00,1.15402,157.74999,182.04017
2026-08-05 10:00:00,1.15404,157.71034,181.99285
2026-08-05 11:00:00,1.15538,157.56406,182.04618
2026-08-05 12:00:00,1.15472,157.62138,182.00425
2026-08-05 13:00:00,1.15435,157.55608,181.87149
2026-08-05 14:00:00,1.15531,157.49495,181.94774
2026-08-05 15:00:00,1.15464,157.66139,182.03864
2026-08-05 16:00:00,1.15451,157.75174,182.1166
2026-08-05 17:00:00,1.1557,157.68523,182.2297
2026-08-05 18:00:00,1.1554,157.65253,182.1588
2026-08-05 19:00:00,1.15505,157.733,182.1837
2026-08-05 20:00:00,1.15542,157.77151,182.29115
2026-08-05 21:00:00,1.15533,157.68861,182.20003
2026-08-05 22:00:00,1.15541,157.6769,182.18518
2026-08-05 23:00:00,1.15564,157.61497,182.15131
2026-08-06 00:00:00,1.15567,157.72292,182.27765
2026-08-06 01:00:00,1.15546,157.66891,182.18576
2026-08-06 02:00:00,1.15542,157.65867,182.16706
2026-08-06 03:00:00,1.15474,157.75077,182.16946
2026-08-06 04:00:00,1.15492,157.7419,182.17886
2026-08-06 05:00:00,1.15495,157.75941,182.20177
2026-08-06 06:00:00,1.15441,157.8423,182.21232
2026-08-06 07:00:00,1.1544,157.85636,182.2283
2026-08-06 08:00:00,1.15435,157.8428,182.20139
2026-08-06 09:00:00,1.15389,157.87343,182.16589
2026-08-06 10:00:00,1.15412,157.87305,182.20612
2026-08-06 11:00:00,1.15448,157.86719,182.24366
2026-08-06 12:00:00,1.15406,157.9008,182.2064
2026-08-06 13:00:00,1.15434,157.86046,182.22652
2026-08-06 14:00:00,1.15354,158.22782,182.52651
2026-08-06 15:00:00,1.15226,158.43665,182.54891
2026-08-06 16:00:00,1.15209,158.52501,182.63246
2026-08-06 17:00:00,1.1523,158.41321,182.53645
2026-08-06 18:00:00,1.15234,158.33848,182.46092
2026-08-06 19:00:00,1.15226,158.41959,182.54141
2026-08-06 20:00:00,1.15244,158.47131,182.63287
2026-08-06 21:00:00,1.1522,158.4839,182.60371
2026-08-06 22:00:00,1.15225,158.47202,182.59957
2026-08-06 23:00:00,1.1524,158.40839,182.55504
2026-08-07 00:00:00,1.15196,158.52738,182.61274
2026-08-07 01:00:00,1.15221,158.33066,182.43357
2026-08-07 02:00:00,1.15213,158.38267,182.48603
2026-08-07 03:00:00,1.15231,158.42072,182.54729
2026-08-07 04:00:00,1.15245,158.38588,182.53654
2026-08-07 05:00:00,1.15232,158.33718,182.44995
2026-08-07 06:00:00,1.15225,158.34391,182.43614
2026-08-07 07:00:00,1.15232,158.46153,182.59576
2026-08-07 08:00:00,1.15243,158.39303,182.53312
2026-08-07 09:00:00,1.15293,158.36891,182.59047
2026-08-07 10:00:00,1.15276,158.30866,182.49463
2026-08-07 11:00:00,1.1533,158.34076,182.60792
2026-08-07 12:00:00,1.1572,157.37301,182.12006
2026-08-07 13:00:00,1.15578,157.75332,182.33898
2026-08-07 14:00:00,1.1553,157.93937,182.4626
2026-08-07 15:00:00,1.15604,157.55635,182.13944
2026-08-07 16:00:00,1.15591,157.46425,182.02115
2026-08-07 17:00:00,1.15621,157.4751,182.0816
2026-08-07 18:00:00,1.15645,157.51883,182.17216
2026-08-07 19:00:00,1.15618,157.5657,182.17147
2026-08-07 20:00:00,1.15596,157.79433,182.39207
2026-08-07 21:00:00,1.15591,157.80352,182.41081
2026-08-07 22:00:00,1.15589,157.80683,182.4133
2026-08-07 23:00:00,1.15589,157.80689,182.41357
2026-08-08 00:00:00,1.15586,157.82514,182.42408
2026-08-08 01:00:00,1.15586,157.82465,182.42479
2026-08-08 02:00:00,1.15587,157.82467,182.42565
2026-08-08 03:00:00,1.15587,157.82591,182.42588
2026-08-08 04:00:00,1.15588,157.82838,182.42843
2026-08-08 05:00:00,1.15588,157.82689,182.42639
2026-08-08 06:00:00,1.15588,157.82696,182.42605
2026-08-08 07:00:00,1.15593,157.82716,182.43233
2026-08-08 08:00:00,1.15591,157.82702,182.42967
2026-08-08 09:00:00,1.15591,157.82675,182.42905
2026-08-08 10:00:00,1.15591,157.82628,182.429
2026-08-08 11:00:00,1.15591,157.82584,182.42969
2026-08-08 12:00:00,1.15594,157.82008,182.42968
2026-08-08 13:00:00,1.1559,157.82571,182.42993
2026-08-08 14:00:00,1.15591,157.82629,182.42188
2026-08-08 15:00:00,1.15591,157.82302,182.42638
2026-08-08 16:00:00,1.15589,157.82321,182.4228
2026-08-08 17:00:00,1.15589,157.82257,182.42384
2026-08-08 18:00:00,1.15587,157.82226,182.42239
2026-08-08 19:00:00,1.15587,157.82345,182.42377
2026-08-08 20:00:00,1.15587,157.8219,182.42229
2026-08-08 21:00:00,1.15587,157.82265,182.42868
2026-08-08 22:00:00,1.15587,157.82308,182.42801
2026-08-08 23:00:00,1.15599,157.82551,182.44432
2026-08-09 00:00:00,1.15604,157.82496,182.45321
2026-08-09 01:00:00,1.15601,157.82366,182.44567
2026-08-09 02:00:00,1.15591,157.8254,182.43277
2026-08-09 03:00:00,1.15592,157.826,182.43358
2026-08-09 04:00:00,1.15601,157.82634,182.44691
2026-08-09 05:00:00,1.15607,157.82681,182.45518
2026-08-09 06:00:00,1.15596,157.82584,182.43659
2026-08-09 07:00:00,1.15604,157.82689,182.44936
2026-08-09 08:00:00,1.15605,157.82691,182.45021
2026-08-09 09:00:00,1.1561,157.82632,182.45827
2026-08-09 10:00:00,1.1561,157.8262,182.45887
2026-08-09 11:00:00,1.15586,157.82569,182.42161
2026-08-09 12:00:00,1.15334,157.82603,182.02105
2026-08-09 13:00:00,1.15371,157.84315,182.09808
2026-08-09 14:00:00,1.15394,157.82431,182.11164
2026-08-09 15:00:00,1.15301,157.82525,181.97272
2026-08-09 16:00:00,1.1531,157.8453,182.01076
2026-08-09 17:00:00,1.1534,157.82251,182.03367
2026-08-09 18:00:00,1.154,157.6784,181.99876
2026-08-09 19:00:00,1.15581,157.82153,182.40713
2026-08-09 20:00:00,1.15588,157.7481,182.3403
2026-08-09 21:00:00,1.15628,157.70915,182.35791
2026-08-09 22:00:00,1.15556,157.92887,182.49745
2026-08-09 23:00:00,1.1556,157.91335,182.4852
2026-08-10 00:00:00,1.15585,157.9397,182.55383
2026-08-10 01:00:00,1.15532,158.30598,182.90054
2026-08-10 02:00:00,1.15515,158.26095,182.83055
2026-08-10 03:00:00,1.15496,158.20785,182.72553
2026-08-10 04:00:00,1.15525,158.31896,182.88958
2026-08-10 05:00:00,1.15545,158.35132,182.97211
2026-08-10 06:00:00,1.15551,158.37635,183.00146
2026-08-10 07:00:00,1.15609,158.49997,183.23589
2026-08-10 08:00:00,1.15624,158.68654,183.47836
2026-08-10 09:00:00,1.1558,158.85347,183.59857
2026-08-10 10:00:00,1.15558,158.78848,183.49137
2026-08-10 11:00:00,1.15519,158.83587,183.49372
2026-08-10 12:00:00,1.15483,158.94575,183.55138
2026-08-10 13:00:00,1.15461,158.97661,183.57218
2026-08-10 14:00:00,1.1551,158.96637,183.62821
2026-08-10 15:00:00,1.15514,158.93794,183.59114
2026-08-10 16:00:00,1.15481,159.04848,183.66684
2026-08-10 17:00:00,1.1542,159.14175,183.68218
2026-08-10 18:00:00,1.15417,159.26472,183.82878
2026-08-10 19:00:00,1.15412,159.29637,183.84734
2026-08-10 20:00:00,1.15432,159.31691,183.89924
2026-08-10 21:00:00,1.15426,159.2684,183.85508
2026-08-10 22:00:00,1.15441,159.26489,183.85364
2026-08-10 23:00:00,1.15466,159.13963,183.74753
2026-08-11 00:00:00,1.15465,159.14637,183.75928
2026-08-11 01:00:00,1.15468,159.17399,183.79986
2026-08-11 02:00:00,1.15404,159.27178,183.80279
2026-08-11 03:00:00,1.15432,159.20892,183.77597
2026-08-11 04:00:00,1.15419,159.20654,183.75581
2026-08-11 05:00:00,1.15412,159.20848,183.74087
2026-08-11 06:00:00,1.15363,159.21301,183.67114
2026-08-11 07:00:00,1.15325,159.36877,183.79631
2026-08-11 08:00:00,1.15365,159.35821,183.8393
2026-08-11 09:00:00,1.15371,159.29426,183.77666
2026-08-11 10:00:00,1.15362,159.22367,183.67632
2026-08-11 11:00:00,1.15374,159.25172,183.73209
2026-08-11 12:00:00,1.15436,159.26963,183.85205
2026-08-11 13:00:00,1.15441,159.23139,183.81749
2026-08-11 14:00:00,1.15424,159.25212,183.8089
2026-08-11 15:00:00,1.1542,159.27204,183.8281
2026-08-11 16:00:00,1.15395,159.26911,183.798
2026-08-11 17:00:00,1.15377,159.31827,183.81121
2026-08-11 18:00:00,1.15396,159.27846,183.79276
2026-08-11 19:00:00,1.15421,159.2974,183.86244
2026-08-11 20:00:00,1.15432,159.30255,183.88503
2026-08-11 21:00:00,1.15404,159.2899,183.8269
2026-08-11 22:00:00,1.15433,159.2711,183.85456
2026-08-11 23:00:00,1.15438,159.27668,183.86068
2026-08-12 00:00:00,1.15409,159.33874,183.89266
2026-08-12 01:00:00,1.15386,159.3332,183.85037
2026-08-12 02:00:00,1.15379,159.40116,183.90982
2026-08-12 03:00:00,1.15356,159.43152,183.91591
2026-08-12 04:00:00,1.15365,159.41851,183.90832
2026-08-12 05:00:00,1.15341,159.42224,183.876
2026-08-12 06:00:00,1.1536,159.38251,183.86151
2026-08-12 07:00:00,1.15372,159.36876,183.86344
2026-08-12 08:00:00,1.1537,159.3282,183.82451
2026-08-12 09:00:00,1.1537,159.1527,183.60955
2026-08-12 10:00:00,1.15352,159.18045,183.6207
2026-08-12 11:00:00,1.15452,159.09172,183.67137
2026-08-12 12:00:00,1.15573,158.88032,183.62037
2026-08-12 13:00:00,1.15529,159.00294,183.69328
2026-08-12 14:00:00,1.15421,159.22774,183.77816
2026-08-12 15:00:00,1.15398,159.23533,183.74631
2026-08-12 16:00:00,1.1529,159.39207,183.76659
2026-08-12 17:00:00,1.15223,159.50047,183.77803
2026-08-12 18:00:00,1.152,159.50112,183.74175
2026-08-12 19:00:00,1.15201,159.51348,183.78588
2026-08-12 20:00:00,1.15247,159.43154,183.74292
2026-08-12 21:00:00,1.15232,159.43432,183.71541
2026-08-12 22:00:00,1.1527,159.39953,183.7384
2026-08-12 23:00:00,1.15283,159.32917,183.67528
2026-08-13 00:00:00,1.15287,159.34366,183.70127
2026-08-13 01:00:00,1.1525,159.36628,183.666
2026-08-13 02:00:00,1.15225,159.44242,183.71844
2026-08-13 03:00:00,1.15225,159.44261,183.71634
2026-08-13 04:00:00,1.15266,159.20066,183.49704
2026-08-13 05:00:00,1.15258,159.28837,183.58928
2026-08-13 06:00:00,1.15172,159.38709,183.57744
2026-08-13 07:00:00,1.15272,159.37068,183.70507
2026-08-13 08:00:00,1.15256,159.40775,183.71876
2026-08-13 09:00:00,1.15343,159.33803,183.78512
2026-08-13 10:00:00,1.15367,159.35522,183.8413
2026-08-13 11:00:00,1.15344,159.34555,183.79246
2026-08-13 12:00:00,1.15435,159.19377,183.77704
2026-08-13 13:00:00,1.1535,159.28872,183.73435
2026-08-13 14:00:00,1.15453,159.14735,183.74556
2026-08-13 15:00:00,1.15309,159.35767,183.74457
2026-08-13 16:00:00,1.15291,159.49355,183.89178
2026-08-13 17:00:00,1.15291,159.52298,183.90811
2026-08-13 18:00:00,1.15288,159.51349,183.89542
2026-08-13 19:00:00,1.15279,159.51318,183.88321
2026-08-13 20:00:00,1.15291,159.52336,183.91098
2026-08-13 21:00:00,1.15289,159.52988,183.91572
2026-08-13 22:00:00,1.1532,159.47346,183.90014
2026-08-13 23:00:00,1.15343,159.43563,183.90011
2026-08-14 00:00:00,1.15386,159.37603,183.89154
2026-08-14 01:00:00,1.15346,159.45412,183.91257
2026-08-14 02:00:00,1.15339,159.42097,183.87404
2026-08-14 03:00:00,1.15383,159.38882,183.90646
2026-08-14 04:00:00,1.15388,159.3599,183.87933
2026-08-14 05:00:00,1.15414,159.27327,183.82866
2026-08-14 06:00:00,1.15443,159.25884,183.84889
2026-08-14 07:00:00,1.1551,159.21647,183.91637
2026-08-14 08:00:00,1.15557,159.17421,183.93291
2026-08-14 09:00:00,1.1554,159.16416,183.89357
2026-08-14 10:00:00,1.15553,159.18983,183.94494
2026-08-14 11:00:00,1.15657,159.13162,184.0487
2026-08-14 12:00:00,1.15675,158.91857,183.83825
2026-08-14 13:00:00,1.15796,158.95857,184.06078
2026-08-14 14:00:00,1.15803,159.05928,184.18589
2026-08-14 15:00:00,1.15806,159.20349,184.35688
2026-08-14 16:00:00,1.15708,159.3693,184.40444
2026-08-14 17:00:00,1.1564,159.36626,184.29226
2026-08-14 18:00:00,1.15661,159.39071,184.35678
2026-08-14 19:00:00,1.1568,159.37583,184.36436
2026-08-14 20:00:00,1.15705,159.3206,184.34383
2026-08-14 21:00:00,1.15675,159.28758,184.25645
2026-08-14 22:00:00,1.15697,159.29693,184.30178
2026-08-14 23:00:00,1.15697,159.29677,184.29909
2026-08-15 00:00:00,1.15708,159.32459,184.34623
2026-08-15 01:00:00,1.15706,159.31974,184.34049
2026-08-15 02:00:00,1.15708,159.3231,184.3451
2026-08-15 03:00:00,1.15708,159.32247,184.34548
2026-08-15 04:00:00,1.15708,159.32187,184.34575
2026-08-15 05:00:00,1.15709,159.32192,184.34639
2026-08-15 06:00:00,1.15709,159.32263,184.34659
2026-08-15 07:00:00,1.15708,159.32201,184.34499
2026-08-15 08:00:00,1.15709,159.32357,184.34689
2026-08-15 09:00:00,1.15708,159.32388,184.347
2026-08-15 10:00:00,1.15708,159.32414,184.34676
2026-08-15 11:00:00,1.15704,159.3241,184.34104
2026-08-15 12:00:00,1.15695,159.32122,184.32375
2026-08-15 13:00:00,1.15692,159.32355,184.3242
2026-08-15 14:00:00,1.15686,159.32313,184.31467
2026-08-15 15:00:00,1.15676,159.32229,184.2988
2026-08-15 16:00:00,1.1568,159.32304,184.30543
2026-08-15 17:00:00,1.15674,159.32197,184.33961
2026-08-15 18:00:00,1.15704,159.32384,184.33876
2026-08-15 19:00:00,1.15696,159.3193,184.32705
2026-08-15 20:00:00,1.15691,159.32258,184.31834
2026-08-15 21:00:00,1.15694,159.32138,184.32641
2026-08-15 22:00:00,1.15674,159.31932,184.29233
2026-08-15 23:00:00,1.15678,159.31922,184.29762
2026-08-16 00:00:00,1.15683,159.31953,184.30488
2026-08-16 01:00:00,1.15687,159.31916,184.31422
2026-08-16 02:00:00,1.1569,159.32024,184.31681
2026-08-16 03:00:00,1.15685,159.32228,184.30809
2026-08-16 04:00:00,1.1568,159.32294,184.30288
2026-08-16 05:00:00,1.15679,159.32272,184.29909
2026-08-16 06:00:00,1.15688,159.32165,184.31195
2026-08-16 07:00:00,1.15682,159.32313,184.30486
2026-08-16 08:00:00,1.1568,159.32369,184.30202
2026-08-16 09:00:00,1.15678,159.32768,184.30358
2026-08-16 10:00:00,1.15678,159.32408,184.2993
2026-08-16 11:00:00,1.15679,159.32404,184.30203
2026-08-16 12:00:00,1.15678,159.32382,184.30167
2026-08-16 13:00:00,1.157,159.33761,184.34937
2026-08-16 14:00:00,1.15701,159.31012,184.32261
2026-08-16 15:00:00,1.15436,159.34138,183.93916
2026-08-16 16:00:00,1.15559,159.32361,184.11407
2026-08-16 17:00:00,1.15703,159.32388,184.34389
2026-08-16 18:00:00,1.15708,159.31017,184.3444
2026-08-16 19:00:00,1.15599,159.33795,184.09204
2026-08-16 20:00:00,1.15666,159.31991,184.27165
2026-08-16 21:00:00,1.15696,159.32294,184.32868
2026-08-16 22:00:00,1.15751,159.17048,184.25031
2026-08-16 23:00:00,1.15744,159.22838,184.29941
2026-08-17 00:00:00,1.1579,159.05874,184.17864
2026-08-17 01:00:00,1.15833,159.06987,184.25007
2026-08-17 02:00:00,1.15795,159.04334,184.16018
2026-08-17 03:00:00,1.15834,159.09832,184.29933
2026-08-17 04:00:00,1.15854,159.11902,184.34013
2026-08-17 05:00:00,1.15876,159.09068,184.34385
2026-08-17 06:00:00,1.15967,158.95497,184.3349
2026-08-17 07:00:00,1.16074,158.96808,184.52986
2026-08-17 08:00:00,1.15997,159.12925,184.58784
2026-08-17 09:00:00,1.15975,159.18394,184.61077
2026-08-17 10:00:00,1.15903,159.19916,184.51311
2026-08-17 11:00:00,1.15928,159.2449,184.60944
2026-08-17 12:00:00,1.15956,159.26072,184.68044
2026-08-17 13:00:00,1.15952,159.2677,184.66663
2026-08-17 14:00:00,1.1588,159.29789,184.59208
2026-08-17 15:00:00,1.1589,159.36197,184.69043
2026-08-17 16:00:00,1.15884,159.36981,184.6879
2026-08-17 17:00:00,1.15777,159.50261,184.66336
2026-08-17 18:00:00,1.15732,159.58357,184.69638
2026-08-17 19:00:00,1.15788,159.46639,184.64506
2026-08-17 20:00:00,1.15801,159.4692,184.67183
2026-08-17 21:00:00,1.15785,159.42947,184.59302
2026-08-17 22:00:00,1.1579,159.41622,184.58258
2026-08-17 23:00:00,1.15831,159.33947,184.56078
2026-08-18 00:00:00,1.15811,159.44387,184.65624
2026-08-18 01:00:00,1.15795,159.49972,184.69436
2026-08-18 02:00:00,1.15803,159.46702,184.66116
2026-08-18 03:00:00,1.15743,159.53734,184.64655
2026-08-18 04:00:00,1.15724,159.69758,184.80209
2026-08-18 05:00:00,1.15737,159.656,184.77709
2026-08-18 06:00:00,1.15704,159.74727,184.82943
2026-08-18 07:00:00,1.15762,159.7013,184.87067
2026-08-18 08:00:00,1.15768,159.66316,184.84064
2026-08-18 09:00:00,1.15798,159.60586,184.81775
2026-08-18 10:00:00,1.15767,159.70837,184.88292
2026-08-18 11:00:00,1.15771,159.70733,184.89046
2026-08-18 12:00:00,1.15761,159.64762,184.81506
2026-08-18 13:00:00,1.15806,159.5836,184.80734
2026-08-18 14:00:00,1.15841,159.54958,184.7999
2026-08-18 15:00:00,1.15792,159.59446,184.80702
2026-08-18 16:00:00,1.158,159.58916,184.80205
2026-08-18 17:00:00,1.1577,159.60797,184.76631
2026-08-18 18:00:00,1.15763,159.60663,184.76878
2026-08-18 19:00:00,1.15747,159.64978,184.7866
2026-08-18 20:00:00,1.15769,159.62429,184.80275
2026-08-18 21:00:00,1.15763,159.60622,184.74848
2026-08-18 22:00:00,1.15763,159.59611,184.75335
2026-08-18 23:00:00,1.1576,159.55246,184.70354
2026-08-19 00:00:00,1.15743,159.46804,184.57359
2026-08-19 01:00:00,1.15776,159.4527,184.60104
2026-08-19 02:00:00,1.15816,159.37619,184.58198
2026-08-19 03:00:00,1.15819,159.43255,184.64903
2026-08-19 04:00:00,1.15867,159.3306,184.60176
2026-08-19 05:00:00,1.15895,159.29528,184.60947
2026-08-19 06:00:00,1.15953,159.25059,184.6505
2026-08-19 07:00:00,1.15961,159.18894,184.60814
2026-08-19 08:00:00,1.15983,159.16702,184.60409
2026-08-19 09:00:00,1.16073,159.09546,184.66093
2026-08-19 10:00:00,1.16064,159.10425,184.65584
2026-08-19 11:00:00,1.16034,159.13948,184.66079
2026-08-19 12:00:00,1.16375,158.53332,184.43589
2026-08-19 13:00:00,1.16584,158.44024,184.70804
2026-08-19 14:00:00,1.16617,158.38942,184.72769
2026-08-19 15:00:00,1.16633,158.47888,184.83504
2026-08-19 16:00:00,1.16686,158.38628,184.82929
2026-08-19 17:00:00,1.16592,158.60434,184.91018
2026-08-19 18:00:00,1.16745,158.31175,184.81532
2026-08-19 19:00:00,1.16765,158.11162,184.62435
2026-08-19 20:00:00,1.1678,158.15784,184.69391
2026-08-19 21:00:00,1.16771,158.1243,184.64416
2026-08-19 22:00:00,1.16762,158.18059,184.68615
2026-08-19 23:00:00,1.16739,158.28444,184.77709
2026-08-20 00:00:00,1.16755,158.37036,184.91861
2026-08-20 01:00:00,1.16748,158.54186,185.10366
2026-08-20 02:00:00,1.16752,158.46119,185.00365
2026-08-20 03:00:00,1.16799,158.44032,185.05198
2026-08-20 04:00:00,1.1673,158.58065,185.10124
2026-08-20 05:00:00,1.16772,158.61918,185.21477
2026-08-20 06:00:00,1.16876,158.38132,185.10063
2026-08-20 07:00:00,1.16925,158.48038,185.28468
2026-08-20 08:00:00,1.16981,158.51211,185.42173
2026-08-20 09:00:00,1.17066,158.37866,185.39748
2026-08-20 10:00:00,1.16948,158.51879,185.39
2026-08-20 11:00:00,1.16864,158.64378,185.39762
2026-08-20 12:00:00,1.16896,158.64664,185.44975
2026-08-20 13:00:00,1.1676,158.81333,185.4307
2026-08-20 14:00:00,1.16837,158.73842,185.46918
2026-08-20 15:00:00,1.16798,158.86708,185.54399
2026-08-20 16:00:00,1.16741,159.0172,185.64603
2026-08-20 17:00:00,1.16738,159.0667,185.6946
2026-08-20 18:00:00,1.16751,159.15129,185.81825
2026-08-20 19:00:00,1.16784,159.12548,185.83346
2026-08-20 20:00:00,1.16791,159.07472,185.7891
2026-08-20 21:00:00,1.16782,159.06255,185.75543
2026-08-20 22:00:00,1.16835,158.9658,185.72124
2026-08-20 23:00:00,1.1688,158.91831,185.74517
2026-08-21 00:00:00,1.1684,159.10756,185.90007
2026-08-21 01:00:00,1.16903,158.96047,185.82841
2026-08-21 02:00:00,1.16969,158.96272,185.92615
2026-08-21 03:00:00,1.16944,159.01166,185.95308
2026-08-21 04:00:00,1.16938,159.00574,185.93183
2026-08-21 05:00:00,1.16986,158.84804,185.81812
2026-08-21 06:00:00,1.16979,158.90001,185.87139
2026-08-21 07:00:00,1.169,158.8288,185.67108
2026-08-21 08:00:00,1.1705,158.55724,185.57681
2026-08-21 09:00:00,1.17016,158.59877,185.59291
2026-08-21 10:00:00,1.17015,158.72773,185.72433
2026-08-21 11:00:00,1.17007,158.69062,185.67251
2026-08-21 12:00:00,1.16911,158.74627,185.57906
2026-08-21 13:00:00,1.16838,158.78417,185.5248
2026-08-21 14:00:00,1.16737,158.96783,185.5861
2026-08-21 15:00:00,1.16841,158.92604,185.68115
2026-08-21 16:00:00,1.16817,158.97037,185.70848
2026-08-21 17:00:00,1.1681,159.01585,185.75252
2026-08-21 18:00:00,1.1683,159.03656,185.80467
2026-08-21 19:00:00,1.16789,159.01113,185.70276
2026-08-21 20:00:00,1.16764,158.97932,185.63052
2026-08-21 21:00:00,1.16869,159.01716,185.83782
2026-08-21 22:00:00,1.16817,158.98656,185.71522
2026-08-21 23:00:00,1.16817,158.98899,185.72034
2026-08-22 00:00:00,1.16764,158.98817,185.63319
2026-08-22 01:00:00,1.16763,158.98764,185.63226
2026-08-22 02:00:00,1.16764,158.98326,185.65063
2026-08-22 03:00:00,1.16763,158.98776,185.63164
2026-08-22 04:00:00,1.16765,158.98855,185.63377
2026-08-22 05:00:00,1.16765,158.98867,185.6352
2026-08-22 06:00:00,1.16765,158.98981,185.63377
2026-08-22 07:00:00,1.16763,158.9914,185.63681
2026-08-22 08:00:00,1.16765,158.98986,185.64012
2026-08-22 09:00:00,1.16764,158.98941,185.63841
2026-08-22 10:00:00,1.16762,158.98944,185.64325
2026-08-22 11:00:00,1.16797,158.98611,185.68883
2026-08-22 12:00:00,1.16802,158.9835,185.6963
2026-08-22 13:00:00,1.1682,158.96211,185.70099
2026-08-22 14:00:00,1.16807,158.98992,185.71276
2026-08-22 15:00:00,1.1685,158.98973,185.77996
2026-08-22 16:00:00,1.16788,158.98597,185.68196
2026-08-22 17:00:00,1.16765,158.98562,185.65878
2026-08-22 18:00:00,1.16779,158.9828,185.66364
2026-08-22 19:00:00,1.16811,158.98366,185.71508
2026-08-22 20:00:00,1.16788,158.96065,185.65292
2026-08-22 21:00:00,1.16787,158.98558,185.67501
2026-08-22 22:00:00,1.16875,158.98604,185.71225
2026-08-22 23:00:00,1.16852,158.98861,185.77565
2026-08-23 00:00:00,1.16829,158.98804,185.73884
2026-08-23 01:00:00,1.16859,158.98728,185.7851
2026-08-23 02:00:00,1.16829,158.98831,185.73665
2026-08-23 03:00:00,1.16847,158.98896,185.76601
2026-08-23 04:00:00,1.16852,158.98936,185.77321
2026-08-23 05:00:00,1.16862,158.98981,185.78995
2026-08-23 06:00:00,1.1684,158.98926,185.75701
2026-08-23 07:00:00,1.16857,158.95849,185.74821
2026-08-23 08:00:00,1.16865,158.96427,185.76838
2026-08-23 09:00:00,1.16872,158.97091,185.78803
2026-08-23 10:00:00,1.16872,158.97048,185.78863
2026-08-23 11:00:00,1.16836,158.96418,185.72876
2026-08-23 12:00:00,1.16836,158.96453,185.72902
2026-08-23 13:00:00,1.16809,158.95868,185.67864
2026-08-23 14:00:00,1.16769,158.94815,185.60355
2026-08-23 15:00:00,1.16763,158.84583,185.47795
2026-08-23 16:00:00,1.1676,158.98587,185.63688
2026-08-23 17:00:00,1.16759,158.98553,185.63549
2026-08-23 18:00:00,1.16761,158.96851,185.61035
2026-08-23 19:00:00,1.1676,158.99044,185.65842
2026-08-23 20:00:00,1.16761,159.01237,185.66521
2026-08-23 21:00:00,1.16782,158.80528,185.43109
2026-08-23 22:00:00,1.16757,158.96753,185.60388
2026-08-23 23:00:00,1.1682,158.90215,185.6282
2026-08-24 00:00:00,1.1685,158.73841,185.48771
2026-08-24 01:00:00,1.16822,158.84205,185.55278
2026-08-24 02:00:00,1.1682,158.88859,185.60766
2026-08-24 03:00:00,1.16803,158.9278,185.62326
2026-08-24 04:00:00,1.16824,158.86899,185.59319
2026-08-24 05:00:00,1.16815,158.90587,185.61262
2026-08-24 06:00:00,1.16781,159.02356,185.70613
2026-08-24 07:00:00,1.16691,159.14807,185.70385
2026-08-24 08:00:00,1.16646,159.19164,185.68606
2026-08-24 09:00:00,1.16643,159.21701,185.7133
2026-08-24 10:00:00,1.1665,159.19778,185.70554
2026-08-24 11:00:00,1.16662,159.08984,185.6131
2026-08-24 12:00:00,1.1669,159.03896,185.58431
2026-08-24 13:00:00,1.16653,159.13604,185.63608
2026-08-24 14:00:00,1.16673,159.19139,185.72513
2026-08-24 15:00:00,1.16647,159.19018,185.69359
2026-08-24 16:00:00,1.16654,159.09762,185.59602
2026-08-24 17:00:00,1.16595,159.15478,185.55972
2026-08-24 18:00:00,1.16637,159.19574,185.67654
2026-08-24 19:00:00,1.16609,159.18664,185.63062
2026-08-24 20:00:00,1.16643,159.09768,185.57291
2026-08-24 21:00:00,1.16636,159.08675,185.55211
2026-08-24 22:00:00,1.16654,159.10186,185.60132
2026-08-24 23:00:00,1.16684,159.13876,185.68812
2026-08-25 00:00:00,1.16693,159.1782,185.74405
2026-08-25 01:00:00,1.16629,159.28235,185.76706
2026-08-25 02:00:00,1.16597,159.37599,185.82733
2026-08-25 03:00:00,1.16606,159.3322,185.78072
2026-08-25 04:00:00,1.16555,159.31107,185.68249
2026-08-25 05:00:00,1.1654,159.32582,185.66919
2026-08-25 06:00:00,1.16528,159.39802,185.74419
2026-08-25 07:00:00,1.1659,159.44557,185.89832
2026-08-25 08:00:00,1.1667,159.36978,185.94449
2026-08-25 09:00:00,1.16693,159.26998,185.84696
2026-08-25 10:00:00,1.16634,159.28338,185.77605
2026-08-25 11:00:00,1.16598,159.24677,185.67955
2026-08-25 12:00:00,1.16659,159.29449,185.83113
2026-08-25 13:00:00,1.16737,159.2391,185.88297
2026-08-25 14:00:00,1.16705,159.25504,185.85719
2026-08-25 15:00:00,1.16729,159.22527,185.85073
2026-08-25 16:00:00,1.16696,159.29014,185.88944
2026-08-25 17:00:00,1.16749,159.21975,185.89036
2026-08-25 18:00:00,1.16747,159.22775,185.89837
2026-08-25 19:00:00,1.16775,159.08728,185.79528
2026-08-25 20:00:00,1.16747,159.21233,185.86987
2026-08-25 21:00:00,1.16732,159.21856,185.85398
2026-08-25 22:00:00,1.16771,159.2086,185.90938
2026-08-25 23:00:00,1.16749,159.22605,185.88962
2026-08-26 00:00:00,1.16728,159.16742,185.78449
2026-08-26 01:00:00,1.16711,159.05829,185.62002
2026-08-26 02:00:00,1.16676,159.04311,185.56367
2026-08-26 03:00:00,1.16645,158.96574,185.42605
2026-08-26 04:00:00,1.16627,159.04128,185.47994
2026-08-26 05:00:00,1.16653,159.01189,185.48557
2026-08-26 06:00:00,1.16672,159.05882,185.57837
2026-08-26 07:00:00,1.16706,159.01516,185.57836
2026-08-26 08:00:00,1.16703,159.02762,185.59407
2026-08-26 09:00:00,1.16671,158.99449,185.50246
2026-08-26 10:00:00,1.16617,159.10837,185.54863
2026-08-26 11:00:00,1.16694,159.09862,185.65527
2026-08-26 12:00:00,1.16597,159.21715,185.65227
2026-08-26 13:00:00,1.16535,159.3847,185.74599
2026-08-26 14:00:00,1.16462,159.3933,185.62337
2026-08-26 15:00:00,1.16503,159.37334,185.68543
2026-08-26 16:00:00,1.16505,159.41832,185.73251
2026-08-26 17:00:00,1.16532,159.40462,185.7583
2026-08-26 18:00:00,1.16517,159.39659,185.72561
2026-08-26 19:00:00,1.16523,159.36794,185.70821
2026-08-26 20:00:00,1.1654,159.31576,185.66839
2026-08-26 21:00:00,1.16545,159.312,185.66028
2026-08-26 22:00:00,1.16542,159.2737,185.60579
2026-08-26 23:00:00,1.16552,159.25715,185.61113
2026-08-27 00:00:00,1.16566,159.19352,185.56132
2026-08-27 01:00:00,1.16582,159.25,185.63969
2026-08-27 02:00:00,1.16561,159.32726,185.71461
2026-08-27 03:00:00,1.16545,159.36159,185.71765
2026-08-27 04:00:00,1.16558,159.38079,185.76509
2026-08-27 05:00:00,1.16542,159.37298,185.72412
2026-08-27 06:00:00,1.16541,159.35767,185.7069
2026-08-27 07:00:00,1.16543,159.35161,185.72258
2026-08-27 08:00:00,1.16494,159.31565,185.59378
2026-08-27 09:00:00,1.16416,159.47871,185.65178
2026-08-27 10:00:00,1.16406,159.47729,185.64197
2026-08-27 11:00:00,1.16411,159.44132,185.62619
2026-08-27 12:00:00,1.16406,159.42688,185.5857
2026-08-27 13:00:00,1.16549,159.35609,185.73228
2026-08-27 14:00:00,1.16462,159.32919,185.55622
2026-08-27 15:00:00,1.16534,159.26318,185.59638
2026-08-27 16:00:00,1.16515,159.30056,185.61217
2026-08-27 17:00:00,1.1649,159.40157,185.6881
2026-08-27 18:00:00,1.16487,159.43235,185.71066
2026-08-27 19:00:00,1.16501,159.39802,185.69419
2026-08-27 20:00:00,1.16522,159.41185,185.74608
2026-08-27 21:00:00,1.16535,159.38154,185.73093
2026-08-27 22:00:00,1.1654,159.36118,185.71353
2026-08-27 23:00:00,1.16539,159.32057,185.66619
2026-08-28 00:00:00,1.16538,159.36542,185.71986
2026-08-28 01:00:00,1.16503,159.42439,185.7274
2026-08-28 02:00:00,1.16508,159.44411,185.76622
2026-08-28 03:00:00,1.16463,159.46102,185.6997
2026-08-28 04:00:00,1.16457,159.51539,185.76128
2026-08-28 05:00:00,1.16458,159.51545,185.76424
2026-08-28 06:00:00,1.16482,159.42716,185.69942
2026-08-28 07:00:00,1.16473,159.50668,185.77777
2026-08-28 08:00:00,1.16446,159.58943,185.82725
2026-08-28 09:00:00,1.16397,159.68965,185.8811
2026-08-28 10:00:00,1.16493,159.65008,185.98211
2026-08-28 11:00:00,1.16448,159.66726,185.94449
2026-08-28 12:00:00,1.16497,159.58347,185.92409
2026-08-28 13:00:00,1.16463,159.57477,185.85409
2026-08-28 14:00:00,1.16223,159.86766,185.80689
2026-08-28 15:00:00,1.15987,159.97253,185.54445
2026-08-28 16:00:00,1.15873,160.19934,185.62284
2026-08-28 17:00:00,1.15813,160.17981,185.50523
2026-08-28 18:00:00,1.15806,160.15248,185.45606
2026-08-28 19:00:00,1.15864,160.08085,185.48465
2026-08-28 20:00:00,1.15831,160.11541,185.46036
2026-08-28 21:00:00,1.15859,160.07283,185.45431
2026-08-28 22:00:00,1.15858,160.06744,185.4587
2026-08-28 23:00:00,1.15858,160.06644,185.45823
2026-08-29 00:00:00,1.15823,160.10283,185.4314
2026-08-29 01:00:00,1.15823,160.10337,185.43162
2026-08-29 02:00:00,1.15825,160.10368,185.43191
2026-08-29 03:00:00,1.15823,160.1047,185.43369
2026-08-29 04:00:00,1.15823,160.10514,185.43412
2026-08-29 05:00:00,1.15822,160.10523,185.4339
2026-08-29 06:00:00,1.15822,160.10627,185.43513
2026-08-29 07:00:00,1.15821,160.10486,185.4376
2026-08-29 08:00:00,1.15822,160.10698,185.43561
2026-08-29 09:00:00,1.1582,160.10709,185.43587
2026-08-29 10:00:00,1.1582,160.1069,185.43614
2026-08-29 11:00:00,1.15819,160.10681,185.43522
2026-08-29 12:00:00,1.15828,160.09703,185.44151
2026-08-29 13:00:00,1.15819,160.10224,185.43014
2026-08-29 14:00:00,1.15819,160.10577,185.43415
2026-08-29 15:00:00,1.15747,160.10445,185.31766
2026-08-29 16:00:00,1.15839,160.10685,185.46685
2026-08-29 17:00:00,1.15837,160.10432,185.49758
2026-08-29 18:00:00,1.15829,160.10643,185.44865
2026-08-29 19:00:00,1.1583,160.10183,185.44322
2026-08-29 20:00:00,1.15836,160.10152,185.45276
2026-08-29 21:00:00,1.15821,160.10228,185.43015
2026-08-29 22:00:00,1.15857,160.10238,185.43532
2026-08-29 23:00:00,1.15848,160.10072,185.46959
2026-08-30 00:00:00,1.15839,160.10034,185.45488
2026-08-30 01:00:00,1.15846,160.1021,185.46519
2026-08-30 02:00:00,1.15843,160.08945,185.44891
2026-08-30 03:00:00,1.15851,160.08453,185.45494
2026-08-30 04:00:00,1.15856,160.08135,185.45984
2026-08-30 05:00:00,1.15851,160.09029,185.46192
2026-08-30 06:00:00,1.1585,160.10454,185.47773
2026-08-30 07:00:00,1.15845,160.10677,185.47235
2026-08-30 08:00:00,1.1585,160.10704,185.48334
2026-08-30 09:00:00,1.15858,160.10678,185.49235
2026-08-30 10:00:00,1.15855,160.107,185.49279
2026-08-30 11:00:00,1.15837,160.10655,185.46388
2026-08-30 12:00:00,1.1563,160.10632,185.13171
2026-08-30 13:00:00,1.15423,160.03136,184.71543
2026-08-30 14:00:00,1.15395,160.06157,184.70537
2026-08-30 15:00:00,1.15158,160.10953,184.37626
2026-08-30 16:00:00,1.15359,160.10701,184.69377
2026-08-30 17:00:00,1.15741,160.10338,185.30672
2026-08-30 18:00:00,1.15817,160.03684,185.37237
2026-08-30 19:00:00,1.15824,160.05601,185.40945
2026-08-30 20:00:00,1.15827,160.06593,185.41192
2026-08-30 21:00:00,1.1579,160.15597,185.45686
2026-08-30 22:00:00,1.15848,160.1208,185.49275
2026-08-30 23:00:00,1.15893,160.12573,185.57174
2026-08-31 00:00:00,1.15917,159.99353,185.4508
2026-08-31 01:00:00,1.15918,159.833,185.26823
2026-08-31 02:00:00,1.15926,159.79471,185.24044
2026-08-31 03:00:00,1.15908,159.82454,185.24388
2026-08-31 04:00:00,1.15912,159.79788,185.22031
2026-08-31 05:00:00,1.15906,159.84679,185.26435
2026-08-31 06:00:00,1.15887,159.87011,185.24234
2026-08-31 07:00:00,1.16025,159.59262,185.17142
2026-08-31 08:00:00,1.15937,159.74467,185.20898
2026-08-31 09:00:00,1.15992,159.73715,185.289
2026-08-31 10:00:00,1.15982,159.72586,185.24619
2026-08-31 11:00:00,1.15965,159.71113,185.20675
2026-08-31 12:00:00,1.15958,159.87333,185.38899
2026-08-31 13:00:00,1.15996,159.83296,185.40017
2026-08-31 14:00:00,1.16177,159.67554,185.52094
2026-08-31 15:00:00,1.1616,159.74422,185.56467
2026-08-31 16:00:00,1.16163,159.69229,185.50669
2026-08-31 17:00:00,1.16154,159.7028,185.49459
2026-08-31 18:00:00,1.1616,159.79317,185.59378
2026-08-31 19:00:00,1.16155,159.78138,185.59024
2026-08-31 20:00:00,1.16174,159.74629,185.58582
2026-08-31 21:00:00,1.1619,159.7523,185.60912
2026-08-31 22:00:00,1.16151,159.78345,185.59051
2026-08-31 23:00:00,1.1618,159.75238,185.59272
2026-09-01 00:00:00,1.16184,159.79417,185.65557
2026-09-01 01:00:00,1.16099,159.74186,185.45284
2026-09-01 02:00:00,1.16102,159.79523,185.51682
2026-09-01 03:00:00,1.16065,159.81083,185.47737
2026-09-01 04:00:00,1.16056,159.87977,185.54492
2026-09-01 05:00:00,1.16087,159.87996,185.60519
2026-09-01 06:00:00,1.16051,159.94432,185.61449
2026-09-01 07:00:00,1.15948,159.99282,185.51491
2026-09-01 08:00:00,1.15944,159.93831,185.43909
2026-09-01 09:00:00,1.15946,160.03338,185.55107
2026-09-01 10:00:00,1.15923,160.09871,185.5996
2026-09-01 11:00:00,1.15918,160.12533,185.62608
2026-09-01 12:00:00,1.15928,160.10975,185.62137
2026-09-01 13:00:00,1.15983,160.06884,185.65747
2026-09-01 14:00:00,1.15959,160.08649,185.63741
2026-09-01 15:00:00,1.15918,160.05061,185.52995
2026-09-01 16:00:00,1.15865,160.17426,185.58088
2026-09-01 17:00:00,1.15869,160.24514,185.67581
2026-09-01 18:00:00,1.15904,160.2069,185.68744
2026-09-01 19:00:00,1.159,160.23127,185.70675
2026-09-01 20:00:00,1.1593,160.19861,185.71927
2026-09-01 21:00:00,1.1592,160.16681,185.64588
2026-09-01 22:00:00,1.15937,160.20261,185.72139
2026-09-01 23:00:00,1.15929,160.20736,185.69949
2026-09-02 00:00:00,1.15845,160.28153,185.67208
2026-09-02 01:00:00,1.15786,160.37841,185.68394
2026-09-02 02:00:00,1.15815,160.26966,185.61598
2026-09-02 03:00:00,1.15796,160.22657,185.54272
2026-09-02 04:00:00,1.15763,160.1058,185.33962
2026-09-02 05:00:00,1.15819,159.81262,185.08407
2026-09-02 06:00:00,1.15683,159.63077,184.63641
2026-09-02 07:00:00,1.15788,159.7127,184.92093
2026-09-02 08:00:00,1.15732,159.84452,184.98477
2026-09-02 09:00:00,1.15709,159.85802,184.98
2026-09-02 10:00:00,1.1571,159.91148,185.0255
2026-09-02 11:00:00,1.15756,159.66034,184.82713
2026-09-02 12:00:00,1.15785,159.60838,184.80799
2026-09-02 13:00:00,1.16043,158.59788,184.03608
2026-09-02 14:00:00,1.15938,158.703,183.987
2026-09-02 15:00:00,1.15929,158.78649,184.08303
2026-09-02 16:00:00,1.15889,158.82264,184.06289
2026-09-02 17:00:00,1.15868,158.88278,184.09644
2026-09-02 18:00:00,1.15856,158.95319,184.15189
2026-09-02 19:00:00,1.15873,158.78529,183.98195
2026-09-02 20:00:00,1.15884,158.72699,183.93854
2026-09-02 21:00:00,1.15883,158.71521,183.92117
2026-09-02 22:00:00,1.15874,158.79198,183.99401
2026-09-02 23:00:00,1.15855,158.93718,184.13268
2026-09-03 00:00:00,1.15903,158.70664,183.94023
2026-09-03 01:00:00,1.15861,158.51064,183.64853
2026-09-03 02:00:00,1.15912,158.07452,183.23896
2026-09-03 03:00:00,1.15964,157.80537,182.99889
2026-09-03 04:00:00,1.15951,157.71698,182.88033
2026-09-03 05:00:00,1.16003,157.44164,182.6303
2026-09-03 06:00:00,1.16059,157.07657,182.3042
2026-09-03 07:00:00,1.16062,157.08926,182.33381
2026-09-03 08:00:00,1.16101,156.65334,181.88162
2026-09-03 09:00:00,1.1606,156.39152,181.49886
2026-09-03 10:00:00,1.16036,156.34136,181.4189
2026-09-03 11:00:00,1.16133,156.09525,181.27688
2026-09-03 12:00:00,1.16249,155.54482,180.84035
2026-09-03 13:00:00,1.16272,155.51266,180.77431
2026-09-03 14:00:00,1.16191,155.42928,180.5891
2026-09-03 15:00:00,1.16225,155.42255,180.67592
2026-09-03 16:00:00,1.16387,155.3423,180.7839
2026-09-03 17:00:00,1.16332,155.4619,180.86067
2026-09-03 18:00:00,1.16345,155.52221,180.94163
2026-09-03 19:00:00,1.16306,155.7248,181.10862
2026-09-03 20:00:00,1.16258,155.8121,181.14181
2026-09-03 21:00:00,1.16267,155.87976,181.23673
2026-09-03 22:00:00,1.16238,156.12736,181.47399
2026-09-03 23:00:00,1.16286,155.65732,181.00436
2026-09-04 00:00:00,1.16307,155.70174,181.07361
2026-09-04 01:00:00,1.16296,155.89637,181.30108
2026-09-04 02:00:00,1.16275,156.08699,181.4932
2026-09-04 03:00:00,1.16237,156.38724,181.77641
2026-09-04 04:00:00,1.16264,156.35477,181.79086
2026-09-04 05:00:00,1.16285,156.33901,181.79288
2026-09-04 06:00:00,1.16278,156.26839,181.70817
2026-09-04 07:00:00,1.16218,156.3366,181.69851
2026-09-04 08:00:00,1.16255,156.41796,181.83934
2026-09-04 09:00:00,1.1617,156.48619,181.77769
2026-09-04 10:00:00,1.16221,156.30699,181.65366
2026-09-04 11:00:00,1.16223,156.24422,181.58456
2026-09-04 12:00:00,1.16011,155.73715,180.6658
2026-09-04 13:00:00,1.16101,155.89232,181.03531
2026-09-04 14:00:00,1.16146,156.12872,181.35739
2026-09-04 15:00:00,1.16186,156.09707,181.36523
2026-09-04 16:00:00,1.16206,156.08895,181.39763
2026-09-04 17:00:00,1.16126,156.15041,181.336
2026-09-04 18:00:00,1.16107,156.25809,181.42258
2026-09-04 19:00:00,1.16141,156.26087,181.48252
2026-09-04 20:00:00,1.16144,156.25071,181.47224
2026-09-04 21:00:00,1.16162,156.2852,181.54269
2026-09-04 22:00:00,1.16177,156.2564,181.53419
2026-09-04 23:00:00,1.16179,156.25716,181.53267
2026-09-05 00:00:00,1.16141,156.2377,181.45125
2026-09-05 01:00:00,1.1614,156.2337,181.44618
2026-09-05 02:00:00,1.16142,156.23442,181.45225
2026-09-05 03:00:00,1.1614,156.233,181.44586
2026-09-05 04:00:00,1.1614,156.23283,181.4456
2026-09-05 05:00:00,1.16141,156.23452,181.45139
2026-09-05 06:00:00,1.1614,156.23314,181.44563
2026-09-05 07:00:00,1.16137,156.23457,181.44714
2026-09-05 08:00:00,1.16138,156.23389,181.44618
2026-09-05 09:00:00,1.16137,156.23572,181.44629
2026-09-05 10:00:00,1.16137,156.23622,181.44929
2026-09-05 11:00:00,1.16162,156.23566,181.48795
2026-09-05 12:00:00,1.1616,156.23965,181.48301
2026-09-05 13:00:00,1.16159,156.23679,181.48454
2026-09-05 14:00:00,1.1615,156.23715,181.47075
2026-09-05 15:00:00,1.16151,156.243,181.47806
2026-09-05 16:00:00,1.16141,156.23818,181.45339
2026-09-05 17:00:00,1.1614,156.23746,181.53886
2026-09-05 18:00:00,1.16171,156.2373,181.50033
2026-09-05 19:00:00,1.1614,156.23687,181.45083
2026-09-05 20:00:00,1.16168,156.23697,181.49052
2026-09-05 21:00:00,1.16168,156.23637,181.49373
2026-09-05 22:00:00,1.16149,156.23682,181.46328
2026-09-05 23:00:00,1.16161,156.23746,181.48339
2026-09-06 00:00:00,1.16157,156.2342,181.47757
2026-09-06 01:00:00,1.16162,156.23853,181.48673
2026-09-06 02:00:00,1.16173,156.24587,181.51151
2026-09-06 03:00:00,1.16171,156.24861,181.51322
2026-09-06 04:00:00,1.16191,156.2507,181.54695
2026-09-06 05:00:00,1.16195,156.2519,181.55301
2026-09-06 06:00:00,1.16193,156.23455,181.52934
2026-09-06 07:00:00,1.16196,156.23357,181.53681
2026-09-06 08:00:00,1.16197,156.23613,181.53841
2026-09-06 09:00:00,1.16197,156.23571,181.54219
2026-09-06 10:00:00,1.16197,156.23523,181.54128
2026-09-06 11:00:00,1.16163,156.23915,181.49276
2026-09-06 12:00:00,1.16163,156.23663,181.48987
2026-09-06 13:00:00,1.16124,156.24966,181.44374
2026-09-06 14:00:00,1.1611,156.27666,181.47283
2026-09-06 15:00:00,1.16106,156.30606,181.48074
2026-09-06 16:00:00,1.16098,156.23752,181.38884
2026-09-06 17:00:00,1.16138,156.2374,181.45041
2026-09-06 18:00:00,1.16135,156.21471,181.41186
2026-09-06 19:00:00,1.16225,155.94778,181.25862
2026-09-06 20:00:00,1.16138,155.99882,181.1739
2026-09-06 21:00:00,1.16094,156.13778,181.2645
2026-09-06 22:00:00,1.16134,156.22418,181.4268
2026-09-06 23:00:00,1.16136,156.21665,181.42764
2026-09-07 00:00:00,1.16181,155.92903,181.15919
2026-09-07 01:00:00,1.16148,156.04285,181.22339
2026-09-07 02:00:00,1.16092,156.19761,181.32665
2026-09-07 03:00:00,1.16113,156.05535,181.19385
2026-09-07 04:00:00,1.16122,156.0374,181.1877
2026-09-07 05:00:00,1.16143,155.82462,180.97627
2026-09-07 06:00:00,1.16147,155.85462,181.02792
2026-09-07 07:00:00,1.16233,155.55383,180.81122
2026-09-07 08:00:00,1.16217,154.53882,179.60332
2026-09-07 09:00:00,1.16209,154.55073,179.60345
2026-09-07 10:00:00,1.16241,154.67588,179.79533
2026-09-07 11:00:00,1.16229,154.73068,179.84557
2026-09-07 12:00:00,1.1626,154.44033,179.54799
2026-09-07 13:00:00,1.16277,154.58533,179.75579
2026-09-07 14:00:00,1.1632,154.29448,179.46741
2026-09-07 15:00:00,1.1628,154.39052,179.52156
2026-09-07 16:00:00,1.16294,154.29989,179.43624
2026-09-07 17:00:00,1.1626,154.36049,179.45605
2026-09-07 18:00:00,1.16237,154.34801,179.40434
2026-09-07 19:00:00,1.16222,154.35983,179.39572
2026-09-07 20:00:00,1.16233,154.3609,179.42092
2026-09-07 21:00:00,1.16237,154.38154,179.44802
2026-09-07 22:00:00,1.1626,154.18042,179.24516
2026-09-07 23:00:00,1.16278,153.84201,178.88438
2026-09-08 00:00:00,1.16271,153.82348,178.84513
2026-09-08 01:00:00,1.16324,153.39485,178.43471
2026-09-08 02:00:00,1.16246,153.31529,178.21699
2026-09-08 03:00:00,1.16249,153.33064,178.24305
2026-09-08 04:00:00,1.16252,153.47265,178.41484
2026-09-08 05:00:00,1.16306,153.40289,178.41429
2026-09-08 06:00:00,1.16219,153.76055,178.69545
2026-09-08 07:00:00,1.16127,153.82868,178.63316
2026-09-08 08:00:00,1.161,154.23098,179.07605
2026-09-08 09:00:00,1.16137,153.94064,178.77059
2026-09-08 10:00:00,1.16144,154.19331,179.07857
2026-09-08 11:00:00,1.16132,154.33332,179.21922
2026-09-08 12:00:00,1.16189,153.83762,178.75207
2026-09-08 13:00:00,1.16218,153.87698,178.8359
2026-09-08 14:00:00,1.16301,153.99616,179.12134
2026-09-08 15:00:00,1.16277,154.23367,179.33614
2026-09-08 16:00:00,1.16231,154.29733,179.34498
2026-09-08 17:00:00,1.16263,154.24672,179.32877
2026-09-08 18:00:00,1.16269,153.95433,179.00035
2026-09-08 19:00:00,1.16231,154.00105,179.00286
2026-09-08 20:00:00,1.16242,153.99706,178.99582
2026-09-08 21:00:00,1.16272,153.86511,178.89514
2026-09-08 22:00:00,1.16261,153.74655,178.74087
2026-09-08 23:00:00,1.16273,153.50331,178.47982
2026-09-09 00:00:00,1.16323,153.59385,178.65735
2026-09-09 01:00:00,1.16307,153.56258,178.60866
2026-09-09 02:00:00,1.16308,153.50164,178.54008
2026-09-09 03:00:00,1.16299,153.46343,178.48478
2026-09-09 04:00:00,1.16332,153.44397,178.49786
2026-09-09 05:00:00,1.16353,153.27365,178.33437
2026-09-09 06:00:00,1.16397,153.32997,178.46578
2026-09-09 07:00:00,1.16422,153.10999,178.25755
2026-09-09 08:00:00,1.16336,153.66437,178.77502
2026-09-09 09:00:00,1.16229,153.65399,178.59623
2026-09-09 10:00:00,1.16308,153.5778,178.61644
2026-09-09 11:00:00,1.16463,153.20955,178.42265
2026-09-09 12:00:00,1.16442,153.3662,178.58954
2026-09-09 13:00:00,1.16459,153.31123,178.5519
2026-09-09 14:00:00,1.16466,153.22672,178.4711
2026-09-09 15:00:00,1.1626,153.53497,178.50854
2026-09-09 16:00:00,1.16366,153.54985,178.67958
2026-09-09 17:00:00,1.1639,153.47485,178.61891
2026-09-09 18:00:00,1.16292,153.64861,178.67548
2026-09-09 19:00:00,1.16319,153.63192,178.70017
2026-09-09 20:00:00,1.16334,153.5536,178.6376
2026-09-09 21:00:00,1.16358,153.55713,178.67267
2026-09-09 22:00:00,1.16379,153.3416,178.45872
2026-09-09 23:00:00,1.16341,153.55949,178.6506
2026-09-10 00:00:00,1.16318,153.68736,178.77501
2026-09-10 01:00:00,1.16391,153.56253,178.71959
2026-09-10 02:00:00,1.16382,153.49292,178.62469
2026-09-10 03:00:00,1.16384,153.40359,178.53201
2026-09-10 04:00:00,1.16374,153.48041,178.60908
2026-09-10 05:00:00,1.16397,153.59565,178.78457
2026-09-10 06:00:00,1.16401,153.43666,178.5979
2026-09-10 07:00:00,1.16395,153.39692,178.55049
2026-09-10 08:00:00,1.16382,153.63921,178.80324
2026-09-10 09:00:00,1.16342,153.70818,178.83272
2026-09-10 10:00:00,1.16281,154.0971,179.17632
2026-09-10 11:00:00,1.16158,154.16481,179.07796
2026-09-10 12:00:00,1.16049,154.34091,179.13389
2026-09-10 13:00:00,1.16121,154.08186,178.92327
2026-09-10 14:00:00,1.16281,153.91065,178.95902
2026-09-10 15:00:00,1.16282,154.07805,179.16219
2026-09-10 16:00:00,1.16192,154.3066,179.29302
2026-09-10 17:00:00,1.16192,154.28341,179.25491
2026-09-10 18:00:00,1.16135,154.34109,179.245
2026-09-10 19:00:00,1.16102,154.341,179.1913
2026-09-10 20:00:00,1.16105,154.49485,179.34947
2026-09-10 21:00:00,1.16101,154.39784,179.26408
2026-09-10 22:00:00,1.16114,154.39708,179.26264
2026-09-10 23:00:00,1.16105,154.48701,179.36363
2026-09-11 00:00:00,1.16149,154.56094,179.51641
2026-09-11 01:00:00,1.1612,154.35862,179.23588
2026-09-11 02:00:00,1.16082,154.37528,179.18998
2026-09-11 03:00:00,1.16021,154.39703,179.13486
2026-09-11 04:00:00,1.16049,154.33637,179.10838
2026-09-11 05:00:00,1.16112,154.03829,178.84318
2026-09-11 06:00:00,1.16104,154.1941,179.02875
2026-09-11 07:00:00,1.16048,154.23568,178.9874
2026-09-11 08:00:00,1.1599,154.10334,178.75063
2026-09-11 09:00:00,1.15957,154.10279,178.69472
2026-09-11 10:00:00,1.15924,153.97287,178.48122
2026-09-11 11:00:00,1.15915,154.02048,178.53409
2026-09-11 12:00:00,1.16007,153.51878,178.10877
2026-09-11 13:00:00,1.16115,153.44371,178.15464
2026-09-11 14:00:00,1.16151,153.47167,178.24911
2026-09-11 15:00:00,1.16014,153.74135,178.36775
2026-09-11 16:00:00,1.15994,153.71477,178.29948
2026-09-11 17:00:00,1.15982,153.71172,178.27307
2026-09-11 18:00:00,1.15956,153.72971,178.25109
2026-09-11 19:00:00,1.15967,153.69496,178.23042
2026-09-11 20:00:00,1.15989,153.52682,178.06951
2026-09-11 21:00:00,1.16037,153.56421,178.19506
2026-09-11 22:00:00,1.16017,153.57392,178.16654
2026-09-11 23:00:00,1.16014,153.57579,178.1652
2026-09-12 00:00:00,1.15986,153.5698,178.11648
2026-09-12 01:00:00,1.15986,153.57028,178.11688
2026-09-12 02:00:00,1.15984,153.57088,178.12312
2026-09-12 03:00:00,1.15986,153.57009,178.11589
2026-09-12 04:00:00,1.15985,153.56977,178.11432
2026-09-12 05:00:00,1.15983,153.56955,178.11505
2026-09-12 06:00:00,1.15982,153.5706,178.11511
2026-09-12 07:00:00,1.15983,153.57055,178.11264
2026-09-12 08:00:00,1.15982,153.56859,178.11045
2026-09-12 09:00:00,1.1598,153.56903,178.1118
2026-09-12 10:00:00,1.15982,153.57053,178.11177
2026-09-12 11:00:00,1.16012,153.57089,178.15768
2026-09-12 12:00:00,1.15997,153.57309,178.13637
2026-09-12 13:00:00,1.15978,153.56773,178.10493
2026-09-12 14:00:00,1.1598,153.56737,178.10477
2026-09-12 15:00:00,1.15989,153.5682,178.12
2026-09-12 16:00:00,1.16005,153.56672,178.14426
2026-09-12 17:00:00,1.16034,153.5669,178.10192
2026-09-12 18:00:00,1.15984,153.56794,178.11307
2026-09-12 19:00:00,1.15987,153.55405,178.10164
2026-09-12 20:00:00,1.15988,153.5706,178.11924
2026-09-12 21:00:00,1.15998,153.56889,178.13293
2026-09-12 22:00:00,1.16029,153.56883,178.18119
2026-09-12 23:00:00,1.16032,153.56946,178.18635
2026-09-13 00:00:00,1.15985,153.57034,178.11548
2026-09-13 01:00:00,1.15991,153.57186,178.12684
2026-09-13 02:00:00,1.15997,153.57103,178.13546
2026-09-13 03:00:00,1.15989,153.57253,178.12423
2026-09-13 04:00:00,1.15998,153.57234,178.13748
2026-09-13 05:00:00,1.1599,153.57266,178.12777
2026-09-13 06:00:00,1.15997,153.57104,178.13636
2026-09-13 07:00:00,1.16002,153.57012,178.14467
2026-09-13 08:00:00,1.15995,153.56958,178.13552
2026-09-13 09:00:00,1.15997,153.57019,178.13872
2026-09-13 10:00:00,1.1599,153.57054,178.12348
2026-09-13 11:00:00,1.15987,153.57137,178.1195
2026-09-13 12:00:00,1.16049,153.49938,178.1361
2026-09-13 13:00:00,1.16047,152.71394,177.22158
2026-09-13 14:00:00,1.15999,153.37766,177.91618
2026-09-13 15:00:00,1.1601,153.26774,177.80546
2026-09-13 16:00:00,1.16029,152.87441,177.37864
2026-09-13 17:00:00,1.1599,153.52542,178.0821
2026-09-13 18:00:00,1.15983,153.57235,178.11476
2026-09-13 19:00:00,1.15983,153.56107,178.09332
2026-09-13 20:00:00,1.15987,153.58473,178.12879
2026-09-13 21:00:00,1.15951,153.47291,177.95352
2026-09-13 22:00:00,1.1591,153.70916,178.16183
2026-09-13 23:00:00,1.15944,153.42203,177.87847
2026-09-14 00:00:00,1.15865,153.74565,178.14698
2026-09-14 01:00:00,1.15861,153.74233,178.12398
2026-09-14 02:00:00,1.15818,154.04819,178.42286
2026-09-14 03:00:00,1.15704,154.0785,178.27732
2026-09-14 04:00:00,1.1566,154.03202,178.15086
2026-09-14 05:00:00,1.15698,154.01615,178.1947
2026-09-14 06:00:00,1.15524,154.32662,178.26258
2026-09-14 07:00:00,1.15447,154.37692,178.23296
2026-09-14 08:00:00,1.15375,154.57391,178.36356
2026-09-14 09:00:00,1.15417,154.56182,178.38805
2026-09-14 10:00:00,1.15404,154.56943,178.38394
2026-09-14 11:00:00,1.15471,154.59379,178.5132
2026-09-14 12:00:00,1.15325,154.87756,178.60908
2026-09-14 13:00:00,1.1524,154.94732,178.5766
2026-09-14 14:00:00,1.1538,154.71584,178.50451
2026-09-14 15:00:00,1.15492,154.41731,178.3326
2026-09-14 16:00:00,1.15603,154.32402,178.40922
2026-09-14 17:00:00,1.15577,154.39514,178.43403
2026-09-14 18:00:00,1.1556,154.10012,178.07847
2026-09-14 19:00:00,1.15485,154.355,178.2538
2026-09-14 20:00:00,1.15511,154.34368,178.28265
2026-09-14 21:00:00,1.15505,154.33403,178.2639
2026-09-14 22:00:00,1.15522,154.26394,178.20835
2026-09-14 23:00:00,1.15488,154.39966,178.31832
2026-09-15 00:00:00,1.15443,154.66058,178.54336
2026-09-15 01:00:00,1.15385,154.76302,178.5753
2026-09-15 02:00:00,1.1541,154.80568,178.65703
2026-09-15 03:00:00,1.15373,154.65861,178.44596
2026-09-15 04:00:00,1.15372,154.68955,178.47108
2026-09-15 05:00:00,1.15347,154.82729,178.59295
2026-09-15 06:00:00,1.15322,154.934,178.67172
2026-09-15 07:00:00,1.15404,154.9297,178.76978
2026-09-15 08:00:00,1.15341,154.97035,178.73235
2026-09-15 09:00:00,1.15372,154.9262,178.74797
2026-09-15 10:00:00,1.15349,154.84406,178.61952
2026-09-15 11:00:00,1.15411,154.87659,178.74019
2026-09-15 12:00:00,1.15466,154.95838,178.90912
2026-09-15 13:00:00,1.155,154.96231,178.99194
2026-09-15 14:00:00,1.15432,155.06704,178.98258
2026-09-15 15:00:00,1.15421,155.10238,179.02075
2026-09-15 16:00:00,1.15432,155.06981,178.99733
2026-09-15 17:00:00,1.15378,155.18009,179.03803
2026-09-15 18:00:00,1.15421,155.10921,179.031
2026-09-15 19:00:00,1.15408,155.09642,178.99479
2026-09-15 20:00:00,1.1542,155.11384,179.03264
2026-09-15 21:00:00,1.15412,155.11322,179.01838
2026-09-15 22:00:00,1.15401,155.1037,178.97008
2026-09-15 23:00:00,1.15377,155.27891,179.1542
2026-09-16 00:00:00,1.15356,155.36388,179.21761
2026-09-16 01:00:00,1.15326,155.4136,179.23325
2026-09-16 02:00:00,1.15419,155.25906,179.20069
2026-09-16 03:00:00,1.1541,155.39427,179.35054
2026-09-16 04:00:00,1.1545,155.34155,179.3418
2026-09-16 05:00:00,1.15508,155.18375,179.25572
2026-09-16 06:00:00,1.15481,154.98767,178.97459
2026-09-16 07:00:00,1.15496,154.92515,178.92238
2026-09-16 08:00:00,1.15399,155.10531,178.99812
2026-09-16 09:00:00,1.15402,155.11262,178.99462
2026-09-16 10:00:00,1.15355,155.14916,178.97216
2026-09-16 11:00:00,1.15349,155.02841,178.81947
2026-09-16 12:00:00,1.1535,155.23736,179.07707
2026-09-16 13:00:00,1.15329,155.29508,179.09544
2026-09-16 14:00:00,1.15376,155.12146,178.96464
2026-09-16 15:00:00,1.15383,155.09409,178.95373
2026-09-16 16:00:00,1.15349,155.11273,178.9168
2026-09-16 17:00:00,1.15347,155.10368,178.89854
2026-09-16 18:00:00,1.14724,155.92017,178.86886
2026-09-16 19:00:00,1.14725,156.16176,179.15783
2026-09-16 20:00:00,1.14635,156.31617,179.1869
2026-09-16 21:00:00,1.14635,156.2558,179.12422
2026-09-16 22:00:00,1.14673,156.24058,179.16434
2026-09-16 23:00:00,1.14692,156.02553,178.95857
2026-09-17 00:00:00,1.14601,156.19163,178.99242
2026-09-17 01:00:00,1.14588,156.18797,178.97913
2026-09-17 02:00:00,1.14577,156.21762,178.99822
2026-09-17 03:00:00,1.14613,156.12348,178.94243
2026-09-17 04:00:00,1.14668,156.02786,178.90819
2026-09-17 05:00:00,1.14668,155.71208,178.54716
2026-09-17 06:00:00,1.14805,155.59717,178.64089
2026-09-17 07:00:00,1.14731,155.70989,178.64572
2026-09-17 08:00:00,1.14722,155.7844,178.72235
2026-09-17 09:00:00,1.1473,155.7562,178.70623
2026-09-17 10:00:00,1.14789,155.65421,178.67374
2026-09-17 11:00:00,1.14735,155.87639,178.85731
2026-09-17 12:00:00,1.14919,155.58911,178.81244
2026-09-17 13:00:00,1.14882,155.69194,178.86506
2026-09-17 14:00:00,1.14867,155.7357,178.89251
2026-09-17 15:00:00,1.14789,155.87376,178.92304
2026-09-17 16:00:00,1.14759,156.06659,179.10272
2026-09-17 17:00:00,1.14767,156.0135,179.0525
2026-09-17 18:00:00,1.14749,156.03308,179.04252
2026-09-17 19:00:00,1.14796,155.98534,179.05937
2026-09-17 20:00:00,1.14758,155.97944,178.9943
2026-09-17 21:00:00,1.14781,155.97465,179.01779
2026-09-17 22:00:00,1.14785,155.96328,179.02253
2026-09-17 23:00:00,1.14756,156.16215,179.20287
2026-09-18 00:00:00,1.14806,156.19015,179.30833
2026-09-18 01:00:00,1.14825,156.24748,179.40501
2026-09-18 02:00:00,1.14778,156.74102,179.92088
2026-09-18 03:00:00,1.14878,157.06779,180.4432
2026-09-18 04:00:00,1.14874,157.10773,180.4748
2026-09-18 05:00:00,1.14794,157.18449,180.43525
2026-09-18 06:00:00,1.1484,156.93643,180.2321
2026-09-18 07:00:00,1.14864,157.4735,180.88386
2026-09-18 08:00:00,1.14823,157.84328,181.23508
2026-09-18 09:00:00,1.14838,157.96554,181.40621
2026-09-18 10:00:00,1.14728,157.78835,181.02066
2026-09-18 11:00:00,1.14609,157.84656,180.92701
2026-09-18 12:00:00,1.14696,157.71571,180.88646
2026-09-18 13:00:00,1.14595,157.87434,180.9187
2026-09-18 14:00:00,1.14617,157.43185,180.46106
2026-09-18 15:00:00,1.14634,156.99098,179.94012
2026-09-18 16:00:00,1.14737,156.81021,179.92099
2026-09-18 17:00:00,1.14803,156.69754,179.90114
2026-09-18 18:00:00,1.14838,156.70772,179.95477
2026-09-18 19:00:00,1.1488,156.73117,180.04068
2026-09-18 20:00:00,1.14859,156.89522,180.19979
2026-09-18 21:00:00,1.14881,156.8756,180.19227
2026-09-18 22:00:00,1.14886,156.87068,180.21603
2026-09-18 23:00:00,1.14882,156.86906,180.21465
2026-09-19 00:00:00,1.14858,156.87975,180.19096
2026-09-19 01:00:00,1.14859,156.87914,180.19151
2026-09-19 02:00:00,1.14857,156.88573,180.19488
2026-09-19 03:00:00,1.14857,156.89717,180.21043
2026-09-19 04:00:00,1.14856,156.89454,180.2022
2026-09-19 05:00:00,1.14855,156.89641,180.20627
2026-09-19 06:00:00,1.14855,156.88839,180.20027
2026-09-19 07:00:00,1.14855,156.88921,180.20116
2026-09-19 08:00:00,1.14854,156.90306,180.21261
2026-09-19 09:00:00,1.14854,156.88417,180.19112
2026-09-19 10:00:00,1.14855,156.89079,180.19826
2026-09-19 11:00:00,1.14856,156.87184,180.17682
2026-09-19 12:00:00,1.14861,156.87057,180.17957
2026-09-19 13:00:00,1.14858,156.90175,180.20686
2026-09-19 14:00:00,1.14863,156.86938,180.18301
2026-09-19 15:00:00,1.14863,156.87081,180.17989
2026-09-19 16:00:00,1.14857,156.89013,180.19916
2026-09-19 17:00:00,1.14864,156.89904,180.20273
2026-09-19 18:00:00,1.14859,156.90182,180.21023
2026-09-19 19:00:00,1.1486,156.87804,180.18288
2026-09-19 20:00:00,1.1486,156.89982,180.20669
2026-09-19 21:00:00,1.14859,156.88888,180.19766
2026-09-19 22:00:00,1.14864,156.86924,180.17361
2026-09-19 23:00:00,1.1486,156.86522,180.17329
2026-09-20 00:00:00,1.1486,156.86468,180.17501
2026-09-20 01:00:00,1.14862,156.86562,180.17876
2026-09-20 02:00:00,1.1486,156.84747,180.16365
2026-09-20 03:00:00,1.14861,156.86639,180.18236
2026-09-20 04:00:00,1.14861,156.84061,180.15266
2026-09-20 05:00:00,1.14861,156.87534,180.19396
2026-09-20 06:00:00,1.14859,156.86629,180.18101
2026-09-20 07:00:00,1.14859,156.86699,180.17932
2026-09-20 08:00:00,1.1486,156.86667,180.18137
2026-09-20 09:00:00,1.14861,156.86754,180.18311
2026-09-20 10:00:00,1.14862,156.86786,180.18239
2026-09-20 11:00:00,1.14858,156.85622,180.16114
2026-09-20 12:00:00,1.14857,156.86873,180.17352
2026-09-20 13:00:00,1.14856,156.85875,180.1597
2026-09-20 14:00:00,1.1486,156.92189,180.23775
2026-09-20 15:00:00,1.14859,156.90906,180.22188
2026-09-20 16:00:00,1.14856,156.86867,180.16578
2026-09-20 17:00:00,1.14858,156.89443,180.19755
2026-09-20 18:00:00,1.14895,156.90559,180.25568
2026-09-20 19:00:00,1.1487,156.85224,180.17145
2026-09-20 20:00:00,1.14859,156.87493,180.17974
2026-09-20 21:00:00,1.14795,156.84918,180.04946
2026-09-20 22:00:00,1.14808,157.06512,180.32407
2026-09-20 23:00:00,1.14782,157.06495,180.28714
2026-09-21 00:00:00,1.14811,156.86847,180.10992
2026-09-21 01:00:00,1.14835,156.70732,179.95764
2026-09-21 02:00:00,1.1477,156.89223,180.06668
2026-09-21 03:00:00,1.14747,156.95462,180.10248
2026-09-21 04:00:00,1.14748,157.02876,180.19161
2026-09-21 05:00:00,1.14738,157.05595,180.19813
2026-09-21 06:00:00,1.14753,157.071,180.24615
2026-09-21 07:00:00,1.1477,157.2592,180.48859
2026-09-21 08:00:00,1.14815,157.23017,180.5292
2026-09-21 09:00:00,1.14792,157.29087,180.56959
2026-09-21 10:00:00,1.14808,157.26706,180.56371
2026-09-21 11:00:00,1.14896,157.21923,180.63823
2026-09-21 12:00:00,1.14862,157.32575,180.70163
2026-09-21 13:00:00,1.14746,157.43353,180.64649
2026-09-21 14:00:00,1.1473,157.47049,180.66519
2026-09-21 15:00:00,1.14681,157.48687,180.60867
2026-09-21 16:00:00,1.14699,157.42355,180.55869
2026-09-21 17:00:00,1.14672,157.48208,180.57232
2026-09-21 18:00:00,1.14651,157.47905,180.5459
2026-09-21 19:00:00,1.14663,157.41723,180.49216
2026-09-21 20:00:00,1.14642,157.3948,180.43616
2026-09-21 21:00:00,1.14672,157.31946,180.40191
2026-09-21 22:00:00,1.14652,157.31984,180.36622
2026-09-21 23:00:00,1.14643,157.3818,180.41861
2026-09-22 00:00:00,1.14704,157.35797,180.48989
2026-09-22 01:00:00,1.14642,157.54671,180.60787
2026-09-22 02:00:00,1.14697,157.46938,180.61071
